"UserID","ProductsViewed","TimeSpentMinutes","PastPurchases","PagesVisited","LoginFrequency","AbandonedCartCount"
1060,33,60,544,123,25,0
2340,9,5,0,13,4,2
1066,25,86,379,41,1,0
2474,41,38,521,131,32,0
1922,31,51,201,19,13,4
3107,9,19,3,26,3,3
1135,30,78,397,118,24,0
821,41,44,515,72,12,1
2056,51,55,16,159,12,3
627,32,35,136,117,4,3
2006,40,53,583,54,9,0
2645,10,13,4,5,2,1
2409,25,80,737,38,21,0
2159,52,20,10,192,1,2
3661,48,44,563,115,20,0
1921,3,23,1,24,3,1
1447,44,57,19,151,9,6
3180,11,16,0,20,6,2
2877,23,43,137,93,17,3
1487,23,67,478,154,23,0
44,27,41,171,77,18,2
3262,24,44,93,59,12,3
3726,32,69,552,135,24,0
3433,28,44,81,86,23,1
2001,47,68,0,139,11,4
1270,7,13,6,17,3,0
3125,25,57,451,135,24,0
2717,47,79,14,161,9,5
2961,6,7,0,35,3,1
2111,39,56,418,117,21,0
3796,8,9,4,38,5,1
3869,41,24,190,43,23,0
813,27,54,172,23,4,1
614,13,6,4,8,4,2
97,7,15,1,30,4,2
1566,32,76,8,82,11,5
1315,31,34,356,76,25,0
3989,34,152,12,212,4,7
2346,36,43,15,125,10,4
705,34,56,79,83,15,4
2440,6,15,4,5,3,1
3354,14,40,139,68,7,2
1853,17,44,194,87,17,3
3599,64,131,18,204,4,9
3435,26,134,2,180,9,7
3110,53,122,19,151,4,3
928,30,91,711,79,22,0
702,28,36,194,42,16,4
2713,21,50,141,26,6,2
3203,32,54,527,83,27,1
3057,7,41,172,32,19,2
315,38,42,186,76,15,1
89,6,20,1,5,4,0
1964,37,89,2,181,7,5
939,11,21,6,5,3,2
3672,13,41,136,105,15,2
1096,5,10,4,25,5,1
2712,24,46,187,72,7,2
1279,21,34,127,39,16,2
138,8,14,1,23,4,1
1517,69,156,13,198,4,2
2353,24,38,136,67,12,2
227,28,40,142,78,13,3
3040,7,13,5,28,3,0
2521,5,16,3,20,3,2
2781,17,51,144,76,12,2
2530,13,12,3,29,3,3
3459,15,36,463,154,20,0
3255,4,15,4,34,2,1
675,16,36,132,63,21,2
579,33,56,464,113,19,0
3851,6,12,0,12,4,3
90,75,173,13,154,10,5
814,11,14,2,22,5,3
722,34,66,544,78,34,0
913,12,14,1,19,3,0
1948,40,67,588,66,32,0
996,7,20,4,22,3,1
3242,38,59,680,118,14,0
1624,9,13,4,13,3,1
517,21,63,142,98,12,2
3382,38,45,32,41,21,3
3684,5,21,3,18,3,0
515,42,79,536,111,36,0
2345,52,103,0,146,7,6
462,11,29,174,72,16,3
3755,76,121,8,208,1,3
3176,50,101,3,204,2,3
3005,64,100,6,145,9,4
3049,10,48,86,69,9,3
651,6,12,3,14,3,1
2547,28,41,101,75,8,4
69,8,25,2,27,4,0
912,81,99,7,109,8,7
3460,63,118,9,137,10,8
3803,21,55,39,63,16,0
3671,9,11,7,34,3,1
2434,23,65,575,74,21,1
2306,38,130,6,126,7,5
3131,76,111,18,143,7,5
1340,34,55,433,78,22,0
1413,29,66,714,98,48,0
1204,38,57,467,103,23,0
1571,22,45,130,63,5,1
1535,23,46,148,44,17,2
3694,64,133,3,55,8,4
1247,27,69,314,134,35,0
2369,32,67,418,126,17,0
232,26,46,177,26,10,3
1821,9,12,0,26,3,2
3165,60,116,20,93,8,2
2228,27,43,119,78,13,1
1919,8,13,0,27,2,2
2946,4,20,1,17,2,2
2769,18,31,689,133,43,1
2162,68,107,15,156,13,9
508,34,60,391,85,25,0
3007,26,52,284,75,33,0
2989,24,88,10,145,6,4
601,51,70,1,106,7,6
641,31,111,420,100,13,0
3219,8,17,1,16,3,2
1542,7,5,7,7,2,1
2746,6,15,1,25,3,0
546,7,17,1,34,3,0
1551,9,8,2,18,2,3
567,22,61,143,70,13,2
2710,21,45,118,73,12,2
456,7,21,2,29,3,3
118,10,23,0,25,3,0
3090,45,87,3,139,5,2
2107,19,108,0,274,9,5
874,25,68,658,70,34,0
3738,42,155,23,95,11,5
1962,32,57,8,112,10,7
2191,28,64,359,86,17,0
3632,42,53,90,54,25,3
2296,80,83,12,74,10,7
3377,34,71,14,172,2,7
3380,39,94,448,54,16,0
2856,29,50,105,82,16,2
68,10,14,1,26,2,1
1820,45,156,11,118,4,8
1785,35,103,10,145,4,3
518,6,7,1,11,2,1
2176,63,63,2,109,6,2
3745,37,69,533,129,22,1
2044,10,15,0,19,2,2
3365,29,39,107,105,15,1
2534,18,44,687,115,36,0
3598,8,15,0,32,3,1
2691,54,91,33,216,10,4
1908,37,62,483,56,28,0
1816,42,48,71,121,20,3
1403,37,104,0,145,10,6
1016,8,14,4,22,4,1
754,29,99,3,210,11,5
2684,12,22,0,20,3,2
1519,30,42,63,35,28,3
782,5,21,2,16,3,2
1843,14,47,134,68,15,3
653,24,47,78,54,26,1
867,64,69,7,171,5,5
3100,32,95,16,123,9,6
2448,41,106,16,139,14,3
2940,28,81,559,65,34,0
3674,8,11,0,28,3,1
2295,9,18,2,22,3,3
2390,24,47,716,112,30,0
2495,30,64,449,64,10,0
3181,53,139,1,192,14,8
2275,9,17,5,23,1,2
2677,22,25,25,47,24,3
3913,26,61,472,139,20,1
3405,60,105,10,128,7,7
3750,33,11,154,76,15,2
2708,7,9,3,12,3,1
2279,22,54,111,60,16,2
1530,50,91,5,79,9,4
1634,40,103,566,83,15,1
624,25,37,184,61,18,2
3773,3,5,1,16,3,1
976,36,21,398,110,36,0
2994,11,26,87,78,11,3
2954,27,133,12,160,8,4
2200,64,86,11,171,2,9
3556,9,17,4,26,4,3
3231,68,100,13,217,3,9
2690,8,19,1,19,2,2
3275,7,14,1,19,2,1
1321,5,7,1,21,3,0
3039,31,47,100,93,15,2
1335,22,57,146,99,23,0
3268,38,36,100,41,14,1
1136,7,22,4,16,2,1
3344,29,51,85,56,13,1
3567,63,52,5,130,7,7
3106,25,60,141,129,26,1
2894,45,73,2,154,8,6
3644,34,44,180,55,19,2
2095,38,48,148,49,18,2
2584,48,92,17,154,9,5
1155,31,85,407,124,40,0
236,20,44,158,64,15,2
525,28,31,457,101,21,0
2798,32,78,703,86,24,0
168,68,98,3,157,5,4
1798,6,6,3,17,3,2
2129,29,44,183,74,23,0
463,26,44,90,68,22,3
1926,17,52,113,81,23,3
1684,22,41,131,33,19,1
2315,15,49,485,100,28,0
2185,31,70,904,136,26,0
234,52,83,14,91,9,5
1231,47,93,8,154,12,1
1467,8,8,6,16,4,2
1748,10,17,2,7,1,0
3244,9,9,2,25,3,0
2873,27,52,2,140,9,6
2033,33,89,592,104,23,0
2075,14,71,574,88,29,0
1702,61,105,10,129,10,0
1774,25,58,494,100,16,0
2465,23,37,91,55,14,2
2978,65,101,22,130,9,7
79,34,42,119,57,21,2
1246,24,41,172,97,19,3
3613,32,48,479,89,19,0
447,7,5,3,30,3,2
623,7,23,2,15,1,0
3532,13,13,2,15,4,0
986,9,11,2,40,1,2
1350,26,37,456,59,33,0
504,50,97,0,56,7,6
3784,63,112,10,132,8,7
396,41,143,22,103,10,2
1940,9,23,1,26,3,0
1667,2,14,1,35,2,0
2967,7,19,4,15,1,0
331,29,56,481,81,31,0
326,71,92,15,140,11,1
571,24,38,511,66,32,1
3858,77,119,21,94,11,7
127,39,64,5,57,12,4
2872,57,105,13,207,10,3
3093,27,37,77,60,14,3
3506,24,50,460,94,20,0
2319,53,135,12,170,9,4
1221,17,47,96,81,16,0
54,63,101,8,143,7,4
2487,64,92,5,117,4,5
3566,7,20,2,11,3,2
1240,25,32,130,46,17,4
2814,13,12,0,19,1,2
558,32,70,347,89,26,0
922,42,151,23,102,8,6
489,27,40,167,46,13,1
2533,31,91,566,101,29,1
2195,11,11,2,24,3,2
2188,24,38,378,101,18,1
51,24,108,11,173,3,6
1693,19,53,102,86,19,0
1073,6,14,1,16,3,2
3920,9,14,0,20,2,1
530,24,60,194,96,10,2
2055,10,11,2,20,2,3
2705,43,76,13,98,9,2
2833,27,72,692,99,37,0
179,10,11,1,24,4,1
768,21,41,108,51,16,1
2166,7,13,5,20,3,0
1483,7,17,3,10,4,1
3461,11,16,6,23,3,1
390,38,150,6,189,10,1
911,40,121,16,283,5,8
1184,7,8,4,16,2,2
2799,33,31,133,45,16,2
2630,61,126,0,142,13,0
846,28,54,72,35,17,1
1835,60,159,14,125,8,3
3046,30,26,359,175,24,1
1048,65,24,21,181,7,5
964,40,123,10,147,6,6
3723,26,44,155,58,12,2
3722,37,50,157,38,16,4
3862,16,49,416,85,22,0
2558,71,126,3,102,10,5
488,33,79,461,99,30,0
237,28,96,20,228,7,7
1833,9,11,6,10,4,1
1070,20,76,562,71,23,0
3494,8,21,2,21,5,0
713,32,68,534,62,28,0
703,68,72,21,133,10,7
837,36,60,214,99,17,0
3923,7,11,0,36,3,1
1621,47,127,0,192,5,6
1516,31,55,167,59,18,3
376,5,20,2,23,3,1
2071,59,83,0,54,12,5
2745,11,20,3,15,2,1
3349,9,12,6,18,4,1
906,21,50,653,90,24,0
3157,25,53,134,57,15,2
2932,71,98,3,149,7,5
744,26,73,562,68,33,0
2562,7,8,2,29,2,0
3363,4,17,0,28,2,2
1858,35,41,22,53,18,2
109,21,54,112,70,18,2
1396,8,16,4,5,5,1
3323,25,87,423,105,18,0
3809,18,55,121,56,13,3
1670,35,45,91,84,5,3
3423,8,16,0,13,3,3
3550,37,43,457,134,9,0
1652,32,82,365,89,27,0
2374,9,39,149,62,14,1
3739,10,15,0,15,3,1
3525,26,37,141,78,16,3
3282,61,86,17,143,13,7
2174,29,46,185,90,24,2
2931,27,42,56,67,24,4
3635,4,15,2,16,4,3
1150,34,102,21,191,2,6
3611,28,64,606,69,20,1
1635,10,18,1,20,4,2
1274,16,45,567,86,17,1
1553,23,51,120,47,17,2
2402,33,21,511,134,27,0
1552,48,106,14,135,11,4
1475,21,43,160,55,22,2
2223,3,19,0,5,3,0
1697,8,13,2,34,3,1
920,25,46,114,53,19,1
3921,43,46,16,191,9,6
1188,9,19,2,35,3,1
3623,29,46,165,70,21,2
414,26,53,115,81,16,4
2528,55,161,9,117,8,3
1318,29,45,148,59,13,1
1895,4,14,0,13,3,1
1842,26,50,148,54,15,2
844,80,104,16,150,13,7
950,20,57,99,39,12,3
1198,63,105,5,144,12,1
292,52,121,0,195,4,8
1859,27,54,350,107,34,0
3143,43,86,13,75,8,4
1864,4,10,2,19,4,1
2379,68,115,13,158,8,5
1320,48,143,17,180,10,11
2027,29,38,420,114,27,0
3507,40,63,15,145,7,6
2544,4,13,3,29,3,1
1381,31,25,166,60,10,1
1057,48,66,529,98,42,0
951,30,63,513,109,31,0
725,27,57,843,150,31,0
3146,39,64,23,134,5,4
2985,60,133,11,121,7,5
1852,3,17,3,5,4,0
741,9,12,0,10,3,0
3839,12,24,1,7,3,2
1317,10,16,1,14,4,2
3897,24,45,54,57,14,1
3662,3,7,3,21,4,3
1386,64,94,23,152,5,8
708,31,49,126,63,20,1
318,41,51,17,186,7,3
3558,25,93,23,118,6,5
2327,14,32,0,54,21,3
1481,10,15,1,21,3,2
982,33,65,493,72,21,1
2594,44,102,17,48,11,5
1761,18,29,356,126,46,0
1668,29,49,92,65,9,1
3594,30,51,94,99,20,1
3620,35,36,650,51,36,0
3827,21,44,151,73,20,2
2477,11,17,4,12,1,2
1614,6,17,1,26,4,1
2724,9,12,1,11,2,0
129,41,116,4,165,10,6
3012,24,67,639,132,22,0
1651,31,46,111,62,25,2
2864,32,31,116,77,12,3
3185,32,66,93,37,14,2
3808,31,26,110,51,10,4
3230,33,45,522,65,28,0
3617,31,60,652,113,30,0
2484,20,55,115,34,11,0
1502,17,15,0,15,2,1
2972,29,37,89,80,17,1
2309,7,13,4,16,1,2
1086,30,39,93,49,11,2
2234,21,45,603,85,30,0
2385,10,19,3,22,1,0
1058,68,89,24,132,7,5
2031,35,92,401,122,13,0
1511,19,47,134,88,26,4
1457,25,73,15,153,10,6
353,39,45,628,74,18,0
3441,39,40,833,84,19,1
3285,7,13,3,10,4,0
3,29,58,16,84,14,2
1742,6,16,5,18,1,3
3697,17,58,121,85,29,0
3659,5,8,4,21,4,1
1543,31,32,143,85,19,0
3933,18,17,0,27,4,1
2438,36,54,123,106,15,0
1572,59,103,5,97,10,9
2303,32,102,9,166,5,3
3430,23,72,604,135,15,0
620,45,42,4,119,8,5
1174,9,16,0,21,3,1
2422,14,12,3,21,2,0
1358,9,13,0,24,1,1
1558,27,59,99,59,16,3
1660,7,21,4,26,3,2
3060,14,7,2,34,4,0
3678,22,52,525,126,31,0
598,22,44,130,73,16,0
2459,24,71,726,108,25,0
3164,48,140,10,129,3,6
1258,61,118,10,222,7,6
1749,5,20,4,29,3,2
2187,8,19,2,7,2,0
255,28,96,529,137,29,0
2424,27,57,105,58,24,2
3163,8,10,8,27,3,0
534,6,15,4,30,3,1
2219,29,60,448,120,32,1
3637,31,75,453,103,19,0
287,72,96,13,164,10,4
110,26,57,11,158,6,7
95,25,44,163,51,14,2
3447,51,106,18,163,6,2
2184,44,60,121,91,20,2
3272,32,44,70,80,16,4
3783,8,17,0,32,1,1
2632,39,67,615,77,29,1
1195,69,72,11,246,8,5
3167,17,92,455,102,22,0
2341,34,87,440,108,26,0
1907,24,90,324,95,37,0
1369,54,102,18,145,3,6
658,59,92,11,196,7,1
170,26,74,108,62,14,2
1501,8,18,0,24,3,0
416,69,63,11,147,10,4
2125,6,18,1,22,3,2
2171,44,61,14,188,13,4
3711,21,41,140,72,17,2
979,29,29,101,82,7,2
684,8,21,1,17,5,2
3397,33,56,529,90,16,0
2504,27,41,54,119,3,1
2668,26,43,327,94,16,0
2400,3,17,1,28,5,0
1541,54,84,5,161,8,6
3215,10,9,3,29,4,1
599,5,13,0,27,3,1
2749,49,185,4,137,7,0
1745,45,146,6,153,4,9
1589,26,35,121,96,20,3
3200,42,41,12,166,6,5
1984,21,101,0,167,7,5
2172,20,47,95,110,13,1
38,64,92,15,91,16,3
660,32,45,137,64,17,1
2500,42,115,19,139,8,4
2414,45,114,13,115,6,9
3554,10,22,0,20,3,0
1938,7,18,5,12,3,1
2251,5,14,3,28,3,0
2467,43,100,11,234,13,5
85,43,81,22,65,3,5
557,25,60,370,58,17,1
3719,31,84,16,146,11,4
3823,71,74,8,168,6,5
3562,22,36,83,57,23,2
2714,12,42,154,82,11,1
3911,22,52,126,65,19,1
1020,32,32,69,102,17,0
2312,76,63,0,116,8,5
37,9,14,4,17,3,1
3469,53,87,3,58,4,7
1378,7,5,4,39,3,0
2959,25,29,168,72,15,3
2482,29,52,160,103,5,1
1548,25,34,192,59,19,0
522,34,38,113,89,10,4
2987,8,10,5,22,3,1
2413,39,110,0,110,5,5
3872,14,5,3,28,3,3
3949,60,49,1,194,2,5
1498,58,116,13,168,9,3
3008,12,59,88,77,13,3
1943,68,118,0,151,7,4
1338,39,80,393,82,17,0
941,7,19,0,31,4,1
2671,54,151,8,151,6,6
1934,80,89,4,178,11,5
2719,27,60,515,80,32,0
3708,14,29,140,97,1,1
767,35,129,5,166,3,8
2281,28,46,157,63,20,3
1436,26,51,175,26,12,1
195,8,16,0,11,3,0
3408,47,45,163,73,15,2
1598,44,116,0,165,5,4
3631,31,41,120,78,10,2
1417,37,73,338,105,27,0
2316,10,23,4,27,3,0
272,42,77,2,149,5,6
1090,13,41,221,88,18,2
313,31,51,264,94,8,1
503,14,53,55,123,17,3
3957,33,44,223,51,17,2
424,27,40,118,88,15,2
423,34,65,314,104,17,0
1383,13,12,0,33,3,1
3607,6,11,3,6,3,1
229,33,66,539,164,28,1
171,40,68,781,103,14,0
3570,31,47,814,140,18,0
1209,9,8,2,17,2,1
2456,5,20,2,16,4,0
1071,8,9,5,18,3,0
3927,7,16,1,21,2,0
345,27,46,119,54,12,2
298,67,75,19,229,10,3
3910,4,21,1,10,2,1
1557,58,91,403,107,29,0
2092,25,49,118,83,10,1
147,26,122,4,146,10,0
3162,24,51,94,55,13,1
947,27,34,134,100,20,1
1480,10,15,3,26,5,1
1153,34,69,670,106,10,0
2457,50,65,629,111,23,0
1872,9,19,6,33,2,1
3345,24,41,94,52,8,3
3702,56,124,3,200,9,3
654,22,77,593,121,22,0
1059,24,68,55,81,23,3
2831,27,67,590,101,40,0
375,34,66,433,68,20,1
3841,51,133,4,172,8,3
1876,8,19,4,13,2,1
220,7,16,5,26,3,1
3645,34,62,546,97,33,0
81,61,44,18,216,7,8
2647,8,19,1,28,2,1
1616,29,40,51,71,11,2
2499,39,67,715,132,12,0
1514,62,78,19,149,9,3
3569,15,34,599,126,17,0
3498,33,55,473,105,27,0
3216,24,44,144,82,11,4
2094,70,86,18,151,8,3
1125,38,82,18,87,10,7
3243,7,13,2,17,2,1
1372,56,81,0,97,1,7
417,7,11,2,33,1,1
325,55,61,0,156,10,3
931,6,16,4,35,1,0
2040,54,56,481,73,13,0
2163,31,53,530,132,30,0
1415,35,52,16,188,8,4
995,34,83,438,88,37,0
1700,59,87,9,147,8,5
1775,16,59,82,67,18,3
3158,61,105,22,173,8,4
891,36,89,406,45,16,0
3014,27,102,5,61,9,3
497,32,30,139,90,12,0
2587,5,6,4,24,4,0
717,32,84,22,143,7,5
3744,75,135,13,148,5,8
1393,26,41,131,51,19,2
3105,15,93,0,100,9,3
2415,4,10,0,11,3,0
519,56,55,13,103,7,3
2951,36,131,8,166,9,7
2754,24,51,741,30,18,0
3018,13,44,181,36,13,2
3520,47,105,18,181,8,6
293,39,58,6,150,17,3
3919,12,13,2,22,3,2
1729,28,40,128,58,18,3
2891,49,115,0,60,13,3
2233,20,51,91,45,16,2
1478,5,21,4,19,4,3
3807,10,14,0,38,2,3
2736,28,38,43,31,14,5
1769,25,66,544,89,15,0
1292,30,79,422,93,30,0
484,23,76,242,46,31,0
2859,36,48,48,74,11,2
3374,6,17,0,24,4,1
3452,23,39,187,59,16,3
1173,36,69,369,158,28,0
804,49,106,3,168,9,8
2633,53,104,1,136,9,6
832,10,18,2,20,3,0
351,66,65,12,128,7,3
915,20,50,123,80,14,1
116,51,69,15,84,9,5
1025,2,18,4,10,4,2
1653,18,21,93,39,12,0
2198,30,81,420,46,24,0
544,29,43,142,64,12,2
2054,46,143,9,146,9,6
2245,9,14,6,32,3,1
3169,51,74,7,192,4,5
3583,64,45,16,158,7,6
3880,5,16,5,22,4,3
1523,27,54,391,66,40,0
1782,29,55,134,98,20,3
1681,60,118,0,121,8,5
1765,19,27,102,53,10,1
2548,9,9,3,16,2,3
3557,18,26,186,53,11,2
1679,30,85,316,35,25,0
505,24,32,153,76,8,3
288,65,120,17,100,5,4
573,41,61,208,74,26,0
2574,34,41,83,95,18,1
574,25,45,140,55,3,2
3086,24,42,109,83,16,2
2801,69,114,17,160,8,5
1106,33,77,492,83,29,0
3940,6,7,3,18,3,0
3706,40,31,361,85,40,0
1620,55,85,23,141,4,4
123,37,36,149,41,27,3
533,22,29,176,33,20,2
1823,41,156,0,97,3,4
3735,31,68,101,51,12,3
969,6,24,1,25,3,2
549,12,5,1,36,3,0
1764,26,51,140,60,7,2
3427,6,8,3,8,1,0
3445,25,28,158,52,18,1
3334,36,43,683,71,35,0
2151,27,44,127,104,13,3
1565,24,57,589,55,42,0
3829,36,62,363,94,27,0
1199,3,22,2,23,2,3
691,36,120,12,162,11,4
2240,9,15,6,18,3,0
2777,11,20,4,5,4,2
1705,2,22,3,29,4,2
2941,32,48,148,78,13,1
3517,20,49,97,92,14,3
1237,65,108,11,161,9,4
3470,38,173,6,149,11,8
2502,56,50,291,83,14,1
1187,29,52,79,63,21,2
132,5,20,1,22,3,1
2718,29,43,211,70,18,1
1969,6,19,2,9,4,1
2806,32,91,487,108,27,1
3265,42,103,21,160,7,6
1897,36,46,105,63,20,3
121,45,77,652,72,19,1
2570,7,15,2,5,3,2
1971,40,40,0,220,16,7
1245,9,8,5,13,2,2
387,24,129,1,223,7,9
3516,51,120,0,228,4,3
2899,39,42,87,59,16,3
2943,40,97,1,178,10,2
1116,46,152,4,150,9,6
3301,58,80,12,92,8,4
1916,54,77,16,199,12,6
2743,52,140,10,117,6,6
2699,24,62,534,132,20,1
1458,33,69,277,28,19,0
2142,50,126,0,140,7,8
3936,16,14,1,29,3,0
3791,82,70,12,233,4,7
280,54,78,405,112,31,0
3496,9,13,1,14,4,2
2927,43,42,439,182,32,0
1384,51,65,3,146,11,5
2702,28,56,562,121,21,0
2540,9,14,1,14,3,1
3293,54,106,0,123,9,4
165,7,34,108,68,19,0
486,56,74,17,147,9,6
896,12,18,4,25,4,0
3206,24,42,145,46,12,4
2704,23,42,422,135,25,0
1808,23,55,544,90,21,1
2666,27,59,811,108,26,0
1441,55,111,15,182,10,8
2607,37,56,406,109,31,0
1007,4,14,1,22,4,0
506,44,117,8,100,5,5
2771,57,53,1,110,6,8
1430,22,38,132,52,14,2
1428,6,17,1,21,3,3
453,24,96,14,82,12,4
2596,13,16,2,18,2,1
3712,26,54,136,80,17,1
3193,37,37,140,29,18,1
3080,24,78,603,109,27,0
3950,25,50,96,67,17,3
2764,20,49,116,74,17,3
364,22,48,100,83,15,2
2014,36,66,284,112,22,0
1287,29,46,254,76,15,0
474,5,17,2,17,4,1
1186,33,61,2,153,10,3
957,31,48,462,95,26,0
673,32,142,6,148,9,3
2983,50,36,20,182,5,5
3810,41,111,18,198,5,0
3436,41,48,18,155,11,3
1936,48,141,2,143,3,1
1494,13,14,7,31,2,1
822,26,61,176,44,21,0
3338,31,68,496,79,26,0
1083,25,53,143,90,17,2
2552,62,70,13,159,10,3
3463,28,93,16,165,7,6
1706,21,57,731,56,22,0
965,5,14,3,13,2,1
58,11,21,4,13,3,0
2323,35,47,133,58,18,2
1563,14,21,1,28,3,2
395,58,92,12,113,7,4
2939,38,59,18,120,4,6
3419,9,15,4,12,4,0
341,29,47,133,60,11,3
84,14,15,5,16,3,2
3359,6,12,3,14,2,0
1717,22,53,557,119,34,0
3993,39,51,242,91,17,0
405,17,31,82,9,13,3
2950,24,68,137,73,18,1
3174,7,14,3,15,1,0
1998,8,24,0,16,5,2
2013,29,71,400,121,30,0
1757,14,15,0,19,4,0
3559,26,37,154,46,13,0
3692,74,91,12,182,8,3
487,26,97,21,112,2,8
2179,78,75,0,193,6,5
3653,37,139,13,196,5,6
412,9,19,0,14,3,2
1539,6,16,1,24,3,1
2028,35,51,317,154,19,0
3843,6,16,7,15,4,2
3122,31,53,122,72,18,2
1537,16,43,144,89,19,2
2473,23,40,73,55,5,3
216,35,37,161,135,20,0
3115,60,102,13,183,6,5
817,15,39,116,53,15,1
3239,26,64,512,103,23,1
1917,31,111,4,157,13,4
1254,47,141,6,116,7,6
3129,16,47,172,62,15,1
3551,10,18,3,20,5,2
1890,29,50,160,107,35,1
348,30,51,129,46,10,3
1023,41,29,480,53,17,0
324,34,65,669,110,35,0
3061,8,19,1,17,3,2
492,55,137,4,147,8,5
3942,53,115,9,106,5,3
3299,22,58,56,62,19,3
2491,25,41,501,52,35,0
1157,20,148,24,120,7,5
3483,33,40,179,47,18,2
2893,46,119,17,151,6,6
2262,6,15,0,25,1,2
3615,25,49,109,59,10,2
1194,10,17,3,17,3,1
2543,26,40,671,102,39,0
576,23,24,377,124,28,0
3332,47,168,15,138,8,6
892,4,13,4,21,2,0
1747,4,16,1,6,2,1
80,45,109,15,160,13,2
3413,35,51,96,73,21,2
3284,31,70,335,146,27,0
2462,29,73,257,143,27,1
1899,81,81,0,191,12,6
1714,5,19,0,11,3,1
3552,18,29,144,73,11,0
2023,12,16,2,19,4,0
3201,29,40,195,47,15,2
3720,11,82,415,47,30,0
1648,6,15,1,13,3,0
278,24,50,51,100,17,1
1406,5,22,2,26,2,2
3813,45,55,500,46,21,0
3964,19,65,503,111,23,2
1444,23,33,85,22,26,1
3489,10,12,0,24,2,3
2364,10,9,4,6,1,1
3478,19,47,103,74,14,1
1282,8,10,4,10,5,1
3322,34,33,77,89,16,4
1476,24,65,429,75,22,0
183,35,43,649,78,13,0
676,31,60,505,117,10,0
2488,21,68,354,128,20,0
2765,44,49,357,85,6,0
3259,9,10,4,26,6,2
1344,56,87,26,143,8,4
3001,19,108,23,154,11,3
3270,32,42,87,51,18,0
1275,3,16,0,41,3,2
3962,14,61,500,121,28,0
142,29,59,139,61,20,1
1633,21,46,65,58,8,2
2493,26,29,573,96,26,0
173,8,20,3,11,3,2
3540,59,95,10,162,7,2
1830,8,19,0,14,1,0
1762,17,99,8,180,8,4
861,17,44,143,82,16,2
1453,42,64,611,80,34,0
1316,60,86,0,182,7,8
1771,31,54,442,84,21,0
3804,32,38,92,55,13,1
766,43,115,0,232,9,7
1484,7,16,2,16,4,0
156,26,35,180,44,17,2
1687,27,76,442,107,4,0
1617,34,75,558,53,36,0
1424,9,13,2,27,2,1
2330,34,60,243,125,19,0
3984,73,113,7,167,11,7
3045,20,39,134,76,22,2
3716,30,45,144,61,20,1
3258,14,9,4,5,2,2
2231,6,11,2,11,4,1
1947,48,131,22,164,13,5
308,66,128,7,124,7,7
2255,33,39,132,44,19,1
3696,57,99,16,163,6,7
663,55,120,13,209,10,7
82,33,58,806,95,36,0
1200,30,42,93,98,17,2
2686,37,55,391,63,38,0
3606,13,25,3,15,5,0
3398,18,56,574,66,16,0
3310,23,71,465,70,24,0
53,7,17,0,10,3,2
1043,15,46,65,74,15,3
1233,25,44,157,80,17,2
62,52,72,10,179,12,4
812,21,77,528,67,28,1
1140,21,60,141,37,13,1
1923,9,14,2,29,4,2
843,12,58,443,128,16,0
2929,29,63,561,123,19,0
2756,29,32,151,36,20,0
992,78,101,5,130,8,3
1924,24,26,103,59,20,3
117,30,60,433,77,35,0
3331,29,42,123,59,14,2
1928,51,134,8,181,13,5
3017,7,11,3,24,2,1
2731,31,40,67,77,19,2
3854,29,108,20,254,14,8
1666,23,43,91,68,15,4
2694,26,68,424,97,29,0
1250,22,67,723,86,26,0
1896,19,74,450,126,12,0
1536,33,61,81,110,5,2
3776,10,16,3,30,4,2
3085,32,52,89,46,16,3
465,37,74,652,82,32,1
3402,73,160,0,79,8,3
3473,15,7,4,21,3,1
2835,23,42,56,66,11,3
2430,14,12,0,19,3,0
1871,25,51,176,96,20,2
2823,34,76,561,95,25,0
2212,35,78,420,56,15,0
1562,18,50,143,74,19,1
3687,4,14,3,30,5,2
2962,57,47,15,130,8,4
2652,8,12,2,16,1,0
406,14,33,41,74,18,3
2953,9,21,2,19,3,1
3356,27,65,436,89,32,0
494,50,88,363,87,25,0
3155,25,57,688,110,17,0
1482,50,84,3,155,4,7
143,27,90,8,180,12,7
2329,40,52,100,66,22,2
2617,28,120,4,173,13,8
723,25,52,429,124,28,0
1137,30,54,116,74,25,2
3195,10,19,0,26,1,1
2870,35,46,179,68,21,3
186,29,44,122,56,7,3
2866,5,11,3,18,4,2
2906,7,61,338,120,31,0
2937,30,44,496,37,33,0
3233,28,31,191,66,6,1
1837,25,44,581,83,15,0
838,18,66,248,55,29,0
2900,41,153,14,157,9,6
342,52,39,13,186,3,5
2232,12,14,3,35,4,1
1349,22,67,407,93,36,0
2884,22,69,391,103,27,1
3733,23,91,1,144,2,7
2721,8,14,0,7,4,0
2168,8,6,1,29,2,3
2349,30,52,121,76,17,1
496,9,15,2,24,3,1
26,34,50,666,129,22,0
2276,5,17,0,24,2,0
3652,65,41,11,160,13,4
1576,28,39,447,130,6,0
3501,54,49,22,74,3,7
374,28,55,121,66,10,3
679,25,38,83,112,10,2
2974,29,122,12,128,9,3
2207,42,86,19,244,3,7
2774,26,53,71,69,14,1
3278,73,145,6,210,9,9
437,47,131,17,237,12,3
1149,31,55,55,89,21,1
322,29,46,56,39,12,1
144,61,96,29,150,6,7
1944,36,62,607,104,21,1
2283,10,44,117,74,14,3
1110,35,63,505,142,26,0
1906,31,47,401,61,30,0
77,18,41,75,108,21,4
2397,49,71,18,149,7,3
3584,7,11,4,15,4,1
1087,51,72,8,226,9,6
2480,15,41,64,85,17,3
2966,51,53,32,183,13,3
3634,24,35,361,74,19,0
2178,2,10,2,24,3,0
1577,32,137,15,157,9,8
1721,7,24,4,11,5,2
739,32,43,57,33,8,1
2169,29,71,598,119,18,0
2259,33,123,0,174,11,4
3866,39,77,306,90,28,0
3357,23,36,130,90,13,1
3062,55,90,16,184,9,3
970,25,51,151,48,16,2
2775,19,81,624,120,24,0
3777,5,17,3,38,2,2
710,18,42,88,116,22,3
443,34,64,681,73,15,0
2780,22,53,59,80,11,3
2917,9,5,5,12,5,0
2797,24,59,578,103,15,1
2669,2,51,41,78,10,2
2855,7,7,0,18,2,0
3828,18,37,508,62,18,0
2791,57,106,5,135,7,5
2025,48,62,15,137,5,6
1448,42,53,146,44,9,3
1497,5,7,2,14,3,5
1145,31,63,1,102,6,2
2030,20,71,627,116,16,0
3144,21,34,126,70,12,2
29,21,37,161,38,11,2
3985,31,62,680,69,27,0
1793,23,37,797,112,28,0
394,6,16,2,30,2,1
3998,37,101,451,141,22,0
3986,12,12,4,28,3,0
3352,71,41,15,161,8,3
1201,8,11,1,30,3,1
329,29,30,118,48,18,2
276,22,43,426,172,25,0
1017,25,47,354,134,24,0
2909,17,50,93,74,11,2
2507,19,89,616,102,32,1
3199,11,13,3,20,3,2
780,7,17,3,28,4,0
3619,56,55,16,126,13,4
1814,34,42,484,63,20,0
718,47,76,13,186,9,7
914,11,48,337,113,27,1
3749,29,26,691,169,31,0
2411,7,17,0,22,3,2
3934,69,80,10,141,8,4
2046,10,14,1,23,3,1
2320,33,45,596,90,15,0
1854,35,76,28,151,18,6
3887,20,39,192,67,10,2
1038,20,72,357,81,32,0
275,9,22,0,17,3,2
3714,22,41,236,119,37,0
2758,7,10,3,21,4,0
756,9,68,62,57,12,4
865,32,47,938,146,27,0
2805,4,21,0,8,2,0
1092,47,73,6,55,7,7
2117,10,11,4,22,4,1
3926,27,58,204,112,7,1
3451,46,119,16,168,9,8
3814,73,120,12,155,9,7
3988,36,35,153,60,11,1
3531,42,102,16,196,10,6
3900,8,51,61,34,19,2
1165,33,80,9,109,9,2
64,21,50,120,49,16,3
1128,16,42,528,50,27,1
750,7,14,0,27,3,0
1972,14,20,4,11,2,0
2692,25,46,78,45,18,4
2600,34,47,160,68,13,3
98,43,116,14,117,14,3
1867,29,51,71,85,12,2
1027,25,64,464,120,23,0
2790,11,14,2,22,2,1
3271,20,25,136,54,13,3
897,46,106,10,189,5,6
2529,30,77,561,86,8,0
2338,11,21,5,29,3,0
3191,18,102,248,68,29,0
791,15,20,4,11,2,1
2120,12,12,0,25,7,0
2160,33,40,149,90,18,2
1168,17,33,87,62,9,3
2629,33,51,97,76,13,0
1676,35,80,566,132,19,0
3384,57,142,8,144,5,5
1108,8,13,4,23,3,1
632,10,17,2,16,3,2
1813,7,7,3,25,5,0
3069,21,58,481,126,24,0
3961,28,40,319,156,31,0
619,8,17,3,24,4,0
908,5,13,0,15,3,0
3059,29,49,659,97,27,0
3468,27,52,125,65,12,2
444,56,97,6,91,12,4
1559,33,38,75,65,15,2
1005,3,12,4,18,3,1
3388,52,98,14,154,7,4
3892,25,37,183,105,3,3
2098,27,36,113,68,18,4
3833,40,67,571,70,19,0
987,38,99,2,191,10,6
1310,56,61,25,94,7,5
2722,62,126,5,171,8,4
2782,22,55,379,64,30,1
1416,25,66,791,168,27,0
2880,6,13,0,17,2,2
3133,10,21,3,19,4,2
3226,24,45,629,158,15,1
2210,13,35,104,34,24,2
3302,25,32,187,66,20,4
149,66,185,5,89,6,5
3542,6,22,3,23,3,0
180,31,82,505,106,20,1
1573,5,21,2,20,4,1
1395,14,45,111,70,13,3
1449,17,77,574,132,26,0
1097,3,19,3,25,2,0
3481,29,39,98,65,18,3
2435,39,60,7,164,7,5
205,32,54,58,37,12,2
1804,21,86,607,99,31,0
3604,23,36,118,55,17,2
3912,46,55,743,99,22,0
1766,7,13,0,27,3,0
3317,5,21,4,14,4,2
397,34,50,94,29,18,2
3929,29,80,5,124,7,5
3379,23,29,524,83,9,0
2443,58,66,4,130,6,4
2239,44,104,9,139,8,0
3915,5,34,332,188,25,0
3019,7,23,1,23,4,1
1402,43,155,12,185,13,4
2127,11,30,2,13,3,2
2988,33,38,114,71,12,4
1351,70,120,3,87,8,3
3636,30,60,129,67,10,1
3987,20,114,23,155,5,7
719,11,18,3,30,3,1
2670,40,141,13,188,6,3
2816,70,76,22,131,11,3
695,11,48,94,89,15,2
919,26,55,232,55,20,2
253,29,64,413,67,25,0
3148,12,11,1,28,2,1
3953,33,62,553,151,22,0
1124,25,47,89,80,16,4
668,36,119,0,54,13,4
1642,10,15,0,41,3,1
1264,32,74,16,203,7,6
212,35,46,109,76,20,2
363,1,25,3,16,3,0
537,35,33,154,54,8,2
2553,32,84,458,117,38,1
1857,8,20,0,25,4,1
2761,35,43,573,107,19,1
2375,24,47,165,59,14,4
1243,42,48,314,96,25,0
1419,8,11,2,29,4,0
3761,18,43,115,68,2,1
561,46,90,10,207,9,5
2451,4,5,2,34,3,1
1870,33,54,596,135,27,0
974,36,47,43,65,25,3
2359,59,56,0,88,10,6
2418,14,50,82,82,15,3
1455,44,74,261,116,29,1
2908,30,42,147,55,11,1
1179,62,60,9,230,2,7
2898,33,72,686,112,15,0
3914,59,128,17,163,4,4
2090,36,38,150,76,13,3
306,24,42,134,90,22,4
3295,52,64,0,139,4,5
2294,27,41,184,87,11,1
2984,57,125,17,117,3,3
2471,51,128,5,181,7,6
622,4,15,7,6,5,2
24,14,13,0,22,5,1
2892,4,23,1,29,4,0
2879,49,64,11,152,8,4
788,50,90,4,149,8,3
1152,33,63,407,79,27,0
2848,19,41,95,45,15,1
712,27,72,541,96,25,1
3050,5,18,2,13,3,1
454,47,109,0,179,8,9
458,30,70,432,129,19,1
2520,25,51,146,74,15,3
2078,14,40,84,38,13,2
480,25,53,482,121,14,0
3280,31,43,27,71,12,0
419,20,43,133,76,21,3
2230,46,83,23,143,12,7
3628,40,134,24,201,8,2
3034,60,88,9,213,12,6
1205,20,44,136,71,26,2
3972,7,14,3,11,4,3
1739,6,21,2,30,3,0
1743,10,56,473,109,32,1
2923,12,8,5,29,2,0
1374,27,91,287,79,28,0
2942,10,14,0,18,5,1
1176,22,87,417,95,32,0
309,14,28,92,65,19,2
3748,49,102,0,136,11,7
247,30,58,82,109,19,2
250,36,62,724,110,28,0
3002,11,13,1,20,2,0
3544,29,54,551,69,30,0
3956,28,52,95,101,11,2
1807,12,20,5,22,3,0
1801,59,98,13,138,8,5
1869,27,65,148,76,11,2
724,6,15,0,13,1,0
1397,28,52,488,110,27,0
242,19,66,580,97,7,0
1580,20,60,103,94,8,1
883,29,48,758,73,34,0
2542,69,97,12,120,3,7
1132,6,20,1,20,2,0
2360,35,32,208,130,15,0
1615,8,15,0,20,2,2
1054,36,66,380,59,41,0
2063,33,78,256,98,38,0
188,17,48,307,160,21,1
1029,15,39,162,56,6,4
593,6,26,2,29,3,0
41,59,115,2,165,12,4
559,30,65,448,100,34,0
3817,40,125,29,158,5,4
2583,8,14,1,25,3,1
2152,6,21,0,22,1,3
1276,32,58,433,102,36,0
1281,44,126,10,174,13,3
442,26,30,300,56,32,0
3977,51,39,78,99,13,1
946,50,123,19,82,11,7
3207,30,56,63,22,15,3
1955,40,61,312,61,19,0
1882,68,127,17,155,7,3
1021,31,51,89,61,6,2
3596,8,14,6,23,1,1
1755,8,15,3,14,3,1
131,33,48,577,29,14,0
2496,9,14,3,17,5,1
2512,30,21,196,71,23,2
521,26,41,72,80,22,2
2254,4,22,0,11,3,3
3528,43,80,578,70,29,0
1827,66,76,18,133,8,3
603,47,132,0,135,7,6
3997,42,45,435,81,17,0
1791,59,133,4,145,9,2
1307,56,75,19,125,15,5
3884,11,16,5,35,3,2
1968,57,146,16,164,7,5
2190,39,48,309,114,29,0
311,29,35,88,70,22,2
3449,31,87,737,56,15,1
1737,30,46,119,55,13,3
1803,43,109,21,181,8,3
1605,9,15,2,18,3,2
2577,60,86,2,178,10,4
3682,12,13,2,15,4,2
392,19,40,186,90,20,1
825,33,63,460,127,24,0
2376,47,127,17,147,10,4
3766,3,10,4,27,4,0
3486,26,52,123,84,9,3
3705,2,6,0,20,3,0
2277,11,14,3,28,3,1
2876,9,15,7,19,5,1
1612,27,92,653,124,36,0
1295,3,56,126,72,35,2
2436,38,26,437,61,34,0
299,37,95,19,104,4,4
858,54,144,11,162,8,4
944,16,32,149,77,16,3
1129,67,121,7,165,7,4
2519,28,66,557,152,19,0
3424,27,51,617,105,16,0
1044,22,59,675,88,33,0
3966,53,79,0,138,8,9
285,6,80,28,185,2,11
3886,28,114,8,111,12,6
649,28,38,163,77,9,3
3633,27,62,71,70,19,2
201,45,131,10,175,10,6
1093,80,111,8,136,12,8
2393,33,47,157,31,15,2
2832,21,86,686,109,14,0
3838,26,106,10,149,9,7
2952,22,92,689,101,34,1
31,6,9,1,15,4,1
3786,58,111,16,101,8,1
3250,32,66,454,108,14,0
182,26,34,162,77,3,1
876,30,57,380,154,21,0
2861,8,12,3,15,3,0
3816,38,85,534,54,16,0
1327,29,49,143,101,3,1
2620,8,15,0,24,3,2
1734,6,7,4,23,4,0
2380,8,14,6,39,4,2
1945,37,111,20,162,9,4
2202,30,72,536,134,38,0
855,33,54,407,162,24,0
1675,57,70,8,144,8,7
3485,25,36,190,55,6,0
657,8,12,3,10,2,1
984,32,69,397,141,11,0
1022,4,7,2,26,4,1
3372,23,80,771,38,31,0
2311,28,67,249,155,9,0
3770,26,29,69,123,12,2
1495,26,38,200,72,24,1
1371,29,36,180,53,13,3
2912,14,23,114,73,24,1
2698,9,22,4,20,3,2
3627,19,52,113,82,14,2
2158,9,9,0,13,4,0
1085,9,13,2,20,2,2
2783,47,114,6,190,7,3
3358,25,58,480,137,30,0
3393,19,38,97,59,11,1
2788,54,165,1,171,5,6
1272,11,47,476,148,26,0
1390,67,133,6,136,3,7
214,21,37,444,76,41,0
409,25,52,62,103,12,3
3713,9,20,0,21,3,1
2865,34,26,279,67,18,0
3905,21,46,126,88,15,3
1138,24,25,95,101,16,1
772,9,16,1,5,2,1
265,39,48,382,121,25,0
3774,40,120,5,212,10,3
3889,32,46,529,82,24,0
1109,11,19,3,27,3,1
2490,49,68,665,81,29,0
402,75,85,8,178,12,7
448,56,92,17,143,6,2
1280,21,64,109,63,14,2
65,8,13,3,37,2,3
2619,30,53,107,80,18,3
3399,34,58,544,91,17,0
3030,4,10,2,6,1,0
1211,20,44,140,57,17,3
2147,31,38,189,50,11,1
1294,4,11,4,23,3,0
3288,37,100,21,164,6,4
2101,35,60,360,77,27,0
3051,42,88,147,103,21,0
778,36,44,161,87,6,2
3196,5,18,2,6,3,2
1832,30,76,338,93,27,0
137,8,16,3,25,1,1
1241,56,166,10,185,12,6
1094,36,102,4,148,11,4
361,55,63,3,148,11,6
263,43,66,306,117,37,0
2377,12,20,4,20,1,1
550,25,19,55,66,19,2
3638,28,40,129,94,13,1
2845,21,58,551,93,18,1
3824,12,90,428,92,27,0
2706,8,15,3,18,3,3
511,22,46,135,81,25,2
696,33,55,678,132,21,1
1414,47,53,15,165,12,3
3680,46,81,0,168,5,6
1047,22,27,163,69,14,3
1988,22,50,149,80,20,3
1112,5,17,5,28,2,2
636,66,130,5,208,9,7
1228,63,111,17,134,8,3
238,13,20,3,23,3,1
305,31,53,339,156,25,1
1159,44,85,374,85,24,0
2091,55,96,24,153,11,4
1758,31,20,159,87,16,2
3764,5,12,2,23,2,0
2566,11,14,4,19,3,0
3772,7,13,0,21,2,0
1989,35,89,761,94,13,0
1068,36,118,15,152,8,6
160,59,102,18,106,6,3
1224,8,17,0,24,2,2
1610,33,63,126,60,15,1
1030,35,61,499,91,30,0
2256,59,76,11,134,7,7
2399,35,62,250,54,20,0
1343,45,37,63,75,16,0
18,40,118,0,189,7,5
516,35,98,20,249,10,9
1753,8,10,2,10,4,1
2213,29,84,19,189,11,3
776,6,60,103,42,8,3
3640,28,43,692,60,24,0
819,27,66,664,120,19,0
3385,69,94,22,100,7,7
640,29,59,111,88,12,1
2610,26,55,371,68,17,0
2077,28,34,509,107,25,0
3458,31,53,218,86,20,0
2738,5,15,4,21,1,1
1326,23,31,92,100,12,4
15,45,111,7,127,4,2
662,6,8,1,15,3,0
3251,12,65,136,79,9,1
1354,58,95,9,107,8,5
2568,18,44,173,72,17,3
3780,26,40,575,141,18,0
1283,40,95,435,74,29,0
3141,7,16,5,26,3,0
3577,53,48,1,184,12,4
3324,50,128,10,110,6,5
2278,34,46,120,96,16,2
1966,24,38,156,77,18,0
3521,64,70,16,113,4,4
1631,10,20,1,30,3,2
2426,23,34,112,82,14,1
1308,36,76,15,120,5,5
153,27,44,136,79,19,2
1418,11,48,57,52,14,1
1699,25,55,144,68,6,3
1332,28,45,108,42,10,2
894,35,65,780,137,27,0
3497,5,7,2,29,3,0
27,14,83,439,116,14,1
191,19,54,123,128,11,2
2836,31,52,157,83,9,1
2177,16,62,142,34,9,2
1788,22,59,70,45,19,1
1303,25,55,316,65,30,0
1746,50,104,18,193,6,5
2164,16,59,819,132,20,0
3212,20,127,0,132,2,3
2523,9,18,0,13,4,3
3500,23,75,0,166,10,4
2298,11,14,0,10,4,1
3111,29,99,13,97,6,5
997,20,73,558,105,22,0
1356,26,30,135,54,12,2
1105,7,14,4,5,4,2
615,27,54,378,81,21,0
1811,24,48,160,55,13,2
3455,57,110,5,129,6,5
1076,34,51,150,102,20,0
3624,25,38,96,74,13,2
47,42,99,3,90,10,1
1196,60,114,18,221,11,5
1659,48,111,6,86,7,4
1080,30,31,76,36,13,3
1802,10,14,3,27,3,4
460,45,154,13,162,9,2
2971,6,11,0,27,3,2
1185,10,14,3,10,4,0
1405,46,113,21,97,9,5
3235,6,5,3,8,3,0
3641,62,155,11,90,3,8
1151,5,21,0,23,3,2
1459,5,12,0,41,1,1
806,7,11,4,14,5,1
3172,51,133,4,127,3,6
2846,36,50,302,103,20,1
3160,31,56,536,110,31,0
2716,3,9,4,28,2,0
3168,30,54,241,125,25,1
1170,6,15,8,17,3,2
1015,58,132,12,175,9,9
1524,35,55,115,85,12,4
2182,18,54,239,115,28,0
1728,15,65,655,103,20,0
476,22,39,99,55,19,2
73,30,52,295,35,9,0
1606,45,75,9,140,6,5
2663,32,55,512,134,22,0
2157,26,44,105,38,14,1
1796,23,51,124,71,16,3
2022,26,53,139,50,15,1
11,9,18,2,24,2,1
3701,58,104,9,93,7,6
3543,19,46,190,83,23,2
1039,27,38,34,68,9,3
3386,52,133,3,111,5,4
1583,59,98,6,199,11,2
2244,2,14,1,14,4,1
2532,29,64,544,98,36,0
3225,41,79,328,91,19,0
269,27,171,6,131,11,4
3669,17,42,99,86,25,4
3104,24,57,561,112,32,0
3725,52,64,24,199,6,4
1982,15,45,107,54,8,0
1645,41,36,78,67,26,1
671,35,73,22,107,5,7
1298,23,46,672,100,33,0
735,90,63,15,167,10,5
1477,32,48,119,73,14,2
852,41,42,623,138,12,0
1147,41,58,539,98,22,0
3758,82,65,8,221,3,4
3856,56,71,0,155,9,5
934,31,75,752,93,33,1
2193,21,63,537,104,29,0
2242,39,54,626,145,34,0
760,77,40,12,144,2,5
2290,35,50,697,140,22,1
1399,58,26,0,148,8,2
2586,20,54,236,114,31,0
2489,18,64,95,23,13,1
3871,51,111,15,72,6,5
1847,20,46,435,100,26,0
1336,33,105,20,143,8,6
794,25,50,129,61,15,2
1839,8,19,4,31,3,0
1509,15,56,151,66,21,2
1959,29,54,218,108,38,0
1752,8,13,4,22,3,0
3555,21,24,157,65,12,1
3022,38,61,557,81,26,0
2302,11,15,4,21,3,2
2826,33,39,119,75,18,0
527,11,14,3,5,3,1
283,29,61,131,81,16,3
1361,21,70,252,123,30,0
1141,9,10,2,6,3,0
1561,11,23,1,15,2,1
834,31,54,434,99,20,0
3254,25,37,120,87,7,2
885,31,89,535,96,12,0
3109,9,9,1,32,2,2
3252,48,69,11,230,13,6
2662,32,48,104,67,10,2
2585,28,53,103,90,18,1
2750,44,46,484,99,22,0
3676,25,55,755,51,25,0
2476,33,48,109,50,16,2
3013,26,66,589,72,25,0
907,1,15,4,17,3,1
3442,23,51,469,114,15,0
3842,37,46,149,41,8,3
580,26,36,159,76,15,2
382,9,17,2,17,2,1
2017,5,15,2,19,3,0
429,49,153,5,95,5,7
14,32,71,355,142,21,1
588,22,48,327,108,19,0
816,52,111,20,132,4,6
587,26,54,54,59,6,3
2871,27,59,548,109,31,1
1506,36,58,364,159,29,0
2934,62,81,15,140,2,9
1914,29,60,95,106,31,0
509,8,12,2,29,4,2
1452,23,43,365,142,17,0
1120,44,63,720,38,28,0
1474,24,54,106,73,7,2
2196,11,18,2,21,3,1
1376,13,17,2,31,2,1
2516,28,72,475,43,30,1
755,36,58,668,36,28,0
3806,9,15,5,29,5,1
2576,46,132,16,168,7,8
3454,25,47,97,54,15,3
2398,21,44,677,110,20,1
410,20,81,285,11,25,0
2135,20,40,598,70,24,0
3757,39,56,664,100,23,1
2099,39,52,420,138,20,0
1731,6,13,2,34,3,0
113,17,126,5,116,9,6
3466,8,9,0,22,2,1
2945,59,85,5,116,5,8
3232,33,49,10,67,16,1
1290,29,82,357,89,15,0
790,10,18,2,20,3,1
2579,16,47,115,73,18,1
2827,10,8,2,6,3,0
347,5,23,2,22,4,0
1461,5,8,0,10,3,2
610,32,35,160,74,1,2
192,27,47,177,33,24,2
3874,29,57,83,102,19,3
3767,61,124,2,148,4,4
3959,9,21,2,18,3,1
2559,21,24,125,53,13,2
266,16,67,481,107,29,0
2815,6,16,2,21,4,0
1600,15,53,165,63,9,1
3490,38,84,434,146,14,0
2032,27,86,540,103,19,0
3564,31,39,623,44,24,0
2029,17,49,47,92,15,2
3625,28,55,746,71,26,1
1156,30,36,127,77,12,3
1181,48,111,15,230,9,5
1885,63,134,22,140,6,2
1564,56,48,7,76,10,3
3366,31,56,104,75,16,3
3095,24,59,570,76,19,0
1730,74,143,26,90,11,6
2209,27,56,361,68,35,0
3414,6,5,2,21,2,2
1941,22,45,322,70,21,0
3973,23,45,498,77,38,0
164,16,53,37,66,30,3
1131,17,51,656,99,23,0
3128,27,35,122,52,19,1
1409,42,101,15,83,6,5
3056,11,19,2,16,3,1
991,6,57,12,200,6,6
3102,5,14,4,26,3,1
140,28,45,154,41,10,3
2324,40,62,597,136,10,0
2527,9,31,224,96,16,2
384,5,16,1,30,2,1
3484,31,50,84,77,19,1
1227,16,39,63,124,14,2
2578,64,120,6,135,8,7
3591,36,61,502,78,27,0
2235,13,43,43,41,14,0
3420,42,73,0,133,8,5
257,82,110,8,95,13,6
277,9,10,1,23,3,1
1133,19,67,387,85,35,0
3679,30,93,15,88,3,2
3132,6,55,359,109,32,0
1939,16,44,115,63,24,3
777,19,52,188,46,7,2
686,39,62,382,61,21,0
2895,28,64,6,216,8,7
1299,8,11,5,10,1,2
3373,87,100,16,182,9,2
784,35,53,561,113,24,0
2464,64,147,16,183,7,5
3286,21,36,142,66,20,2
1032,32,67,34,98,12,0
2830,21,64,3,70,18,1
193,6,11,2,25,3,2
189,7,14,4,22,3,1
2263,29,42,110,79,20,1
1034,62,121,10,140,5,4
1454,65,121,15,145,8,2
2366,17,41,148,89,22,1
3020,23,161,20,123,8,9
2220,30,31,118,73,14,3
1888,17,59,193,86,17,2
1257,46,143,7,159,3,5
3603,24,52,148,75,12,2
3378,9,21,1,5,3,2
3425,21,90,0,85,8,4
1284,11,15,1,5,3,0
3428,45,49,530,90,22,0
223,22,50,464,124,33,0
2569,45,104,6,133,10,5
2246,10,21,5,23,4,1
3248,15,46,653,83,30,0
1420,24,52,70,104,16,1
2237,10,10,3,13,3,0
1555,24,42,131,5,17,1
2373,57,44,6,190,8,5
246,29,54,427,77,28,0
3875,4,14,2,12,2,0
3818,35,69,8,201,10,5
1538,64,95,9,137,10,3
408,66,110,13,175,9,6
1470,14,44,110,64,15,2
659,17,67,512,93,18,1
366,4,5,0,35,5,2
1164,35,96,12,145,5,8
1715,32,47,178,118,21,3
2264,69,82,4,110,13,7
3778,35,112,0,149,8,4
3016,30,133,13,193,13,6
1834,67,43,5,206,11,6
2226,53,91,0,117,7,7
1407,36,79,469,88,20,0
10,26,33,82,94,14,2
3690,37,43,151,39,3,2
1826,9,22,0,24,3,0
176,25,77,708,88,39,1
793,64,83,18,239,7,3
3078,43,58,466,152,21,0
2472,37,103,2,202,8,6
523,18,63,101,86,5,3
2355,32,39,131,70,12,2
3213,8,15,1,5,2,2
3031,39,33,495,107,31,0
1312,26,31,75,84,12,1
1142,38,36,186,78,6,1
2039,12,10,4,17,3,1
2938,16,48,71,85,16,3
1812,30,59,576,82,41,0
1912,28,85,487,101,37,0
3153,20,82,450,68,37,1
664,23,62,304,114,22,0
1437,30,62,414,117,24,0
2389,59,115,16,231,14,6
12,22,59,118,93,13,3
3027,6,22,5,14,3,1
2776,9,15,1,23,4,0
1024,19,49,160,87,15,4
493,19,36,101,68,18,2
1740,8,22,2,17,2,1
20,3,15,5,35,3,2
1008,25,37,111,81,9,2
1601,34,75,372,136,16,0
2582,59,45,21,170,7,9
3415,9,17,0,23,3,0
1967,31,52,115,48,14,1
2062,11,12,2,29,3,1
3119,32,63,546,43,32,1
1961,4,17,1,18,4,2
568,5,15,3,23,3,0
2933,24,34,127,95,19,2
2356,59,75,20,113,8,2
3431,23,34,147,78,7,1
438,28,47,126,53,9,4
2511,48,120,15,158,7,4
1910,29,87,481,94,39,0
3968,32,128,13,125,7,6
1949,12,14,0,12,3,1
3683,64,94,6,137,6,9
528,41,58,2,212,4,3
3797,26,27,55,65,18,3
2803,23,37,118,74,18,0
2444,43,118,7,102,7,8
2685,36,17,156,89,13,3
3381,15,20,2,23,3,1
150,18,68,385,109,27,0
1609,24,58,591,146,29,0
2180,9,23,4,19,3,2
1342,21,50,145,37,15,2
2634,31,34,127,90,11,1
1836,36,34,156,55,17,4
2911,23,64,620,101,37,1
1190,29,67,671,141,26,1
2766,29,30,160,93,23,1
1341,34,48,122,68,20,1
2772,20,55,105,80,18,2
3223,9,16,0,8,3,0
2514,60,107,22,258,8,6
2181,9,11,4,27,3,3
2733,4,25,1,33,4,2
2643,33,104,13,180,4,7
2843,6,10,5,14,3,0
3668,25,62,175,96,18,2
2515,11,82,443,130,35,0
678,45,96,30,192,10,8
3075,18,57,455,89,6,1
2154,51,76,31,85,7,7
1291,10,13,2,21,5,0
3443,41,85,449,109,29,1
618,9,21,3,8,4,1
3565,31,56,453,90,10,0
2170,14,62,151,62,11,2
1578,10,29,76,77,18,0
2853,31,45,63,70,10,2
589,6,8,1,10,5,0
1533,7,15,0,12,2,1
1425,15,50,157,29,16,3
481,59,98,6,119,9,2
2747,68,100,10,169,10,6
1863,67,69,26,245,4,6
3802,42,43,466,146,23,0
830,36,34,56,134,31,0
1999,29,43,123,84,12,1
1806,69,79,8,156,11,6
2284,37,53,703,111,33,0
1531,7,12,5,17,3,0
2407,75,128,17,143,5,6
2167,42,99,20,142,9,2
3799,9,13,4,24,4,0
2079,7,24,3,13,3,0
692,36,74,552,110,5,0
617,13,15,2,18,4,0
1213,31,43,102,57,11,1
273,48,86,8,114,12,5
135,22,49,494,100,30,0
1991,27,70,113,85,15,2
578,52,125,15,148,3,5
2253,23,29,69,65,12,2
639,9,16,3,9,3,0
3079,6,16,3,14,1,0
2113,26,46,0,107,10,3
2949,49,113,0,136,10,4
514,22,65,130,95,19,1
3703,9,12,0,23,3,1
321,11,14,6,12,3,0
2957,58,127,10,149,12,6
1223,45,95,14,212,5,5
1206,7,20,0,18,2,3
2522,30,79,737,23,24,0
2982,45,100,9,170,8,8
1010,24,37,70,58,10,2
3472,18,48,84,46,28,3
3021,25,55,82,99,14,1
1629,34,77,440,89,29,0
1892,7,17,4,21,3,1
358,30,49,125,95,14,2
35,49,96,12,205,5,4
716,21,58,138,66,14,1
3546,2,14,1,23,4,1
411,28,37,74,72,17,3
1385,10,15,2,32,3,1
157,28,19,376,140,27,0
2378,15,50,39,51,13,2
864,28,49,124,89,7,2
1545,33,76,474,159,35,1
302,60,53,3,84,7,6
1367,61,69,5,179,5,4
2325,18,26,109,57,11,2
2024,56,67,4,146,9,5
538,7,13,0,17,3,0
23,46,45,220,117,31,0
3103,60,92,10,151,12,6
3870,9,13,0,20,3,1
1787,6,14,4,18,4,2
1678,36,53,532,93,19,0
553,35,76,433,162,29,0
1623,44,119,8,244,4,7
512,46,39,0,171,6,3
594,29,84,6,242,6,6
2394,23,39,114,110,17,3
1222,14,48,623,73,29,0
810,13,41,569,128,32,0
1217,31,37,116,77,21,1
344,63,126,9,121,14,7
373,8,21,5,21,3,1
1491,36,86,5,112,6,6
1783,32,59,553,85,14,0
1189,18,56,379,95,29,1
3209,52,99,13,114,12,4
211,23,31,201,50,11,2
795,7,14,1,20,1,2
2757,44,134,9,153,4,5
1489,26,74,322,101,28,0
592,31,79,17,144,9,4
1640,4,14,3,19,4,2
2089,35,54,857,110,40,0
2811,13,16,0,5,3,2
3170,53,109,7,105,7,4
1604,7,16,1,36,4,0
46,70,96,5,175,7,4
1779,29,29,370,119,20,0
1379,54,148,0,161,13,8
2580,7,15,1,16,5,3
3054,50,90,11,191,4,1
3281,59,79,17,132,12,2
3309,34,122,0,228,8,6
3316,24,45,183,74,13,2
581,3,11,4,13,3,2
3787,13,48,118,72,12,1
2383,10,20,1,21,4,2
372,27,57,119,76,6,3
3036,27,33,122,74,8,3
1878,59,156,7,157,13,3
1325,2,19,0,19,2,1
1588,18,57,26,79,21,3
1160,24,74,6,215,9,4
2673,10,12,4,22,3,3
3790,31,82,713,154,26,0
1718,37,44,455,132,29,0
2601,47,128,12,131,5,5
3438,9,20,3,22,5,1
2391,20,49,504,95,29,0
2410,35,59,138,60,16,1
3515,36,74,480,94,22,0
584,22,44,187,66,20,2
415,24,46,178,80,22,0
1689,30,72,738,70,29,0
2236,17,30,167,83,8,2
425,9,14,2,21,4,0
17,28,157,12,116,3,4
2838,30,38,480,40,24,1
213,17,101,0,178,8,7
3881,4,15,3,5,2,1
2222,38,59,403,99,19,0
3941,8,19,2,24,4,3
1314,43,89,10,133,7,9
70,17,54,77,39,9,2
1117,17,33,177,99,13,2
2313,18,60,121,59,11,2
2469,19,49,111,55,16,0
1260,18,73,555,91,26,0
798,24,56,133,34,15,2
643,8,14,3,13,2,0
1937,15,42,74,54,6,2
3932,3,18,4,26,3,0
650,31,53,292,115,23,0
786,26,40,107,65,14,2
327,1,17,0,25,3,0
3519,32,32,476,75,30,0
3837,24,57,91,44,17,2
2725,12,25,0,17,2,2
2122,38,73,340,108,31,0
809,40,50,773,132,28,0
2976,27,41,176,56,21,2
3360,34,67,505,110,27,1
320,3,5,4,21,4,0
2874,63,95,10,159,12,5
1901,29,44,35,52,17,2
1786,55,105,16,165,11,3
3877,45,111,10,125,7,6
1055,29,49,552,121,18,0
1777,56,80,22,93,7,3
3492,39,119,9,173,12,10
2928,6,11,0,11,2,0
2216,51,148,20,215,8,3
3847,17,60,51,57,29,0
104,8,11,2,16,1,0
3657,16,40,104,76,12,4
2483,14,18,0,22,4,0
1266,31,108,13,148,11,6
2840,7,11,0,29,2,0
1592,12,5,3,17,4,0
3743,6,11,3,29,2,0
736,25,42,157,70,18,2
1365,60,81,20,104,5,7
1330,30,59,332,94,23,0
1741,10,94,8,177,8,6
1052,7,20,1,18,2,2
849,57,90,21,168,11,7
3457,58,80,3,123,7,6
978,49,153,13,159,10,4
42,24,54,143,57,15,4
1691,39,64,172,63,14,4
1781,47,113,6,112,6,7
3048,24,42,356,49,11,1
346,27,54,120,53,11,2
2707,10,11,3,25,2,1
2915,12,25,1,26,2,1
981,28,45,114,66,15,3
1685,29,59,80,80,12,2
2280,88,108,11,146,4,7
3112,50,73,18,194,10,5
2332,82,130,4,106,9,4
43,17,47,143,73,13,2
1527,44,128,32,115,5,6
1586,27,30,476,91,30,0
3279,24,74,657,102,39,0
1520,62,99,12,142,9,4
2739,32,63,534,82,20,0
1051,18,53,539,130,34,1
1267,34,76,501,80,33,0
706,39,72,490,110,8,0
3347,21,30,92,84,7,1
3156,55,105,1,148,6,2
2461,57,120,5,138,10,4
2291,35,93,22,180,12,5
3120,34,41,716,96,18,1
1946,12,10,1,25,2,1
938,10,19,2,13,3,1
850,56,117,3,98,5,2
252,60,70,10,199,12,2
2155,19,30,96,67,13,2
1619,13,41,141,55,14,2
2509,6,6,2,17,2,1
1831,7,17,0,33,1,1
2682,27,46,130,60,16,1
1323,4,11,3,13,3,1
162,38,41,153,94,16,2
2361,20,44,483,96,25,1
749,26,71,462,81,23,0
1422,39,74,552,86,28,1
872,59,114,1,136,3,6
2678,5,14,4,25,2,2
13,23,80,540,86,26,0
800,10,30,156,46,15,2
2793,33,72,477,49,28,0
661,2,12,0,18,4,1
3192,25,78,394,121,35,0
1273,21,50,186,62,8,2
1431,4,14,3,20,3,2
2205,40,104,1,181,5,6
2847,48,59,555,160,29,0
446,24,49,651,156,18,0
785,8,16,5,30,3,0
300,10,16,1,41,2,0
616,9,6,4,21,2,0
2326,26,119,0,196,12,5
2602,33,70,392,91,17,0
2004,31,44,744,125,19,1
2789,4,10,3,19,2,2
1232,17,45,97,73,6,4
1234,39,42,701,99,37,1
2140,30,71,578,45,34,0
2086,26,38,543,145,35,1
3116,10,15,6,27,3,1
3488,6,19,4,27,2,2
2955,37,42,159,50,12,2
175,25,66,515,78,23,1
611,32,46,373,56,28,0
1738,13,18,0,32,4,0
3727,20,41,170,79,17,1
2189,19,42,112,38,14,1
2695,38,72,425,92,8,0
2711,8,13,3,7,3,1
3335,6,9,3,8,4,1
2081,51,22,22,139,9,4
2622,54,105,0,131,10,1
1069,9,24,5,24,2,2
1990,28,62,122,59,21,2
3426,69,82,9,98,5,6
112,22,33,148,80,7,2
2926,55,90,3,141,10,3
2869,36,98,23,137,6,4
711,32,63,577,134,29,0
290,26,42,497,88,33,0
466,29,47,124,76,13,1
3138,37,114,14,108,8,3
3563,31,35,126,41,7,1
3760,55,96,15,115,5,4
3330,28,51,401,143,30,0
1930,9,12,0,14,1,0
386,7,16,1,10,2,2
101,20,71,305,115,25,0
1391,9,16,0,18,3,1
2902,29,46,201,69,21,0
2804,44,122,5,142,9,4
2116,36,130,7,165,8,2
2767,43,62,718,82,15,1
926,27,49,561,128,23,0
196,23,61,76,89,7,1
1981,6,19,2,31,4,1
856,28,52,113,76,10,2
258,30,44,155,65,19,2
845,28,51,588,108,23,0
2930,31,39,404,124,31,1
2501,1,13,7,24,2,2
2819,13,48,81,59,14,2
2343,6,12,6,12,3,2
2936,19,43,71,80,15,2
184,17,40,151,75,18,2
635,39,105,12,191,7,6
3283,23,46,130,63,13,0
317,9,21,1,20,3,0
3860,11,13,3,9,1,0
1357,58,68,16,105,8,1
1970,36,68,502,117,14,0
1918,31,74,861,94,24,0
2649,36,58,440,129,31,1
2839,24,83,854,88,34,0
2748,36,65,0,73,6,4
1289,26,42,101,81,11,2
3958,19,47,43,59,19,2
566,31,83,464,98,24,1
1661,10,14,2,22,4,3
2603,29,50,129,70,15,1
1504,56,65,6,196,8,9
1770,5,20,4,31,1,2
1603,24,52,107,67,18,4
1644,12,21,2,28,3,2
1113,29,45,154,59,9,2
457,9,12,3,36,4,0
3147,25,37,101,26,19,2
2795,1,18,3,20,1,3
1277,37,58,582,95,41,0
2042,33,130,17,146,6,6
3996,51,91,9,132,13,3
808,25,52,31,55,16,1
354,35,58,14,129,15,6
76,55,78,21,142,12,5
377,6,13,4,27,3,1
742,60,92,12,141,12,6
1980,63,71,0,105,6,10
1510,10,66,358,95,40,0
2452,32,45,93,80,16,2
2203,11,9,4,14,4,2
459,59,123,14,265,10,5
3873,23,33,80,74,13,1
3077,34,76,461,112,21,0
349,42,108,6,143,7,4
3530,8,22,1,16,2,1
3362,14,50,138,85,21,2
2642,5,18,1,14,2,2
491,7,14,1,12,1,1
1825,34,40,580,108,20,0
3184,30,38,82,95,7,1
1004,10,19,4,15,3,2
452,18,52,103,69,20,2
249,8,13,1,14,3,0
3737,7,10,1,8,4,0
475,16,35,236,86,32,1
848,46,101,11,158,12,3
1760,10,15,0,19,2,1
199,29,130,21,162,6,1
1932,19,29,123,90,17,2
3639,29,90,391,34,29,0
107,5,14,2,24,3,1
3006,34,51,530,139,25,0
886,10,20,3,23,3,3
1532,30,68,394,94,25,0
2661,55,79,6,172,4,7
882,7,10,4,17,2,0
2096,45,65,697,90,33,1
836,34,55,502,125,27,0
233,36,80,319,105,38,0
3534,38,85,533,127,31,1
1547,52,98,16,143,8,3
1382,17,23,103,91,19,1
3967,56,94,14,183,13,2
1486,62,154,6,187,7,3
1259,15,18,2,10,3,2
1690,8,11,3,30,5,2
596,9,17,3,7,4,0
1347,24,47,132,52,2,3
2664,48,118,0,180,5,5
680,23,51,89,76,19,2
853,10,9,1,18,3,1
2841,22,34,120,69,13,1
3444,24,36,781,39,33,1
2221,21,52,181,56,11,1
563,8,24,2,7,3,1
1389,62,126,8,145,14,5
3656,32,53,384,80,24,0
1210,25,79,753,70,6,0
2037,34,67,652,116,16,0
161,27,45,441,126,27,0
3686,51,96,18,164,7,7
3171,30,52,292,94,27,0
3865,10,12,4,16,4,0
2883,5,11,2,18,2,0
3553,22,69,569,88,26,0
55,39,62,654,123,17,1
210,48,64,14,185,5,5
1421,7,9,5,36,3,2
67,6,12,0,22,3,0
3664,2,14,0,9,4,1
3928,37,71,632,85,13,0
3290,16,38,162,114,6,2
2305,41,28,434,78,14,0
2016,29,124,11,189,13,7
2128,21,52,260,119,35,0
430,10,7,3,13,4,4
1875,59,141,4,182,4,7
2688,9,10,3,9,3,3
2070,14,18,1,36,3,0
2555,11,11,5,18,5,0
2752,63,50,26,113,4,3
956,9,22,3,19,3,1
3976,43,39,388,117,34,0
2043,15,32,146,87,7,2
2858,3,16,0,23,1,1
1063,23,57,107,96,18,1
572,2,14,1,26,4,1
2639,29,51,576,92,27,0
3863,11,12,5,12,2,1
1229,7,6,0,28,2,0
728,22,46,654,72,21,0
2828,30,111,0,139,1,4
3361,39,48,513,134,20,0
1053,5,19,1,16,3,1
1050,5,7,2,19,2,1
1265,30,59,272,155,27,0
1776,15,63,153,55,15,0
166,8,45,343,103,20,1
359,25,55,154,71,11,2
3630,19,44,131,99,9,2
1239,8,11,3,20,2,0
921,9,13,0,22,3,1
1197,10,16,4,23,3,0
3364,7,12,1,39,3,2
2427,22,112,5,86,5,2
3568,2,18,3,31,2,1
3825,9,11,3,16,2,1
3785,7,20,0,12,3,2
3307,20,47,429,122,24,0
3845,50,137,7,158,15,5
1585,3,9,0,10,1,0
389,40,58,16,176,12,5
831,56,92,19,172,5,2
3667,43,103,7,118,12,5
146,59,117,18,147,7,3
3608,41,59,602,81,19,0
3340,23,63,554,127,29,0
2134,76,123,11,73,10,5
3038,55,91,7,158,13,5
3595,16,47,75,47,16,1
3548,6,18,0,25,3,2
3004,32,54,566,96,23,0
1311,71,46,15,113,6,2
303,6,17,1,5,3,2
1006,28,48,94,63,18,1
3175,24,33,146,83,25,1
3291,18,44,91,67,16,1
2965,35,86,918,126,26,0
231,39,70,533,90,39,0
1392,31,67,441,89,19,0
3893,33,35,76,69,17,3
3249,37,42,191,31,24,3
647,19,58,353,122,8,1
427,19,62,194,53,8,1
52,39,34,121,69,19,1
206,6,14,1,26,3,1
1115,19,31,54,60,14,2
304,39,37,232,83,24,0
847,5,11,4,38,2,0
56,46,124,14,156,6,6
968,63,136,6,144,4,6
3477,19,54,126,37,13,3
1556,25,48,93,52,20,2
340,4,16,0,25,3,0
2073,29,52,281,56,22,0
3573,24,61,400,46,23,0
381,21,35,780,122,33,0
2266,64,92,20,114,2,5
3642,72,78,17,157,2,5
2615,38,45,430,143,24,0
3394,26,43,89,80,28,0
738,6,21,4,31,3,1
3327,70,109,21,149,12,4
3527,24,49,56,110,14,1
203,22,58,633,95,24,0
9,26,33,409,75,24,0
350,26,72,526,106,15,0
655,30,57,509,80,28,1
1973,25,40,156,70,3,1
626,34,41,180,94,14,3
2419,25,58,577,43,22,0
3186,39,67,536,64,29,0
16,6,12,4,24,3,2
757,18,44,130,103,10,2
729,8,22,2,18,4,2
3535,5,20,1,18,3,0
1261,46,112,5,170,7,7
2026,17,47,157,91,18,3
436,21,43,218,133,9,0
2986,10,15,2,25,3,0
2194,7,18,4,18,4,2
630,27,36,136,79,13,3
2470,14,81,12,137,6,4
2792,30,34,34,78,12,5
2760,28,44,95,108,16,1
2273,58,86,20,192,9,6
3396,4,20,2,17,7,1
2567,60,90,6,140,7,8
818,37,106,10,122,8,7
2536,43,92,0,147,8,3
1471,26,95,605,155,19,1
3024,26,47,87,64,14,2
1790,12,23,3,23,1,1
3149,53,94,18,100,12,7
3336,48,90,1,82,11,8
1445,29,32,496,131,29,0
2993,10,17,1,11,2,1
3888,31,30,87,40,16,2
1602,65,135,16,253,10,3
1581,20,44,633,155,19,1
2328,42,67,14,218,7,3
3602,21,45,500,75,41,0
2141,30,77,535,42,21,0
2250,22,31,222,47,21,4
917,27,76,456,73,9,1
1865,35,69,355,88,41,1
3857,6,9,2,23,2,0
2425,30,65,782,143,38,0
683,7,18,2,22,3,1
2621,4,13,0,14,2,0
128,30,99,8,113,14,7
3418,19,44,147,54,9,0
637,5,5,2,7,2,2
3135,39,54,507,78,20,0
1902,30,33,59,88,14,3
2755,23,35,85,58,13,0
3946,28,41,293,94,38,0
2842,17,35,183,85,22,2
3082,56,71,6,133,6,7
1269,52,113,4,121,11,8
2737,39,74,285,90,28,0
1677,32,73,606,56,29,0
2537,29,52,98,92,17,0
1161,22,35,138,45,10,3
1018,7,85,159,85,21,0
2696,8,15,2,26,5,3
2057,38,51,426,86,11,1
2423,20,48,153,79,13,2
3067,25,42,108,37,20,4
295,9,11,1,22,4,3
3792,33,39,163,94,2,4
960,23,44,139,103,8,3
3502,27,35,72,22,9,2
391,7,22,4,34,3,3
3068,5,15,0,8,3,2
3329,16,32,140,73,14,3
2650,51,37,0,125,5,7
2844,27,71,415,100,29,0
2857,31,44,96,119,15,3
2224,26,62,12,156,2,6
330,6,21,0,16,1,0
3752,27,35,75,87,18,2
3626,8,12,3,23,3,3
45,49,124,0,165,12,6
1703,41,68,47,61,18,1
3015,47,159,18,198,4,7
1262,17,49,741,76,22,0
1065,48,131,0,191,6,3
2800,6,8,1,34,3,0
827,14,66,106,67,9,1
2990,38,57,776,40,23,0
1037,67,127,18,158,9,7
1587,47,57,199,92,16,0
1244,29,47,116,68,11,1
271,12,23,5,12,5,2
1462,32,54,646,105,29,0
1649,27,64,89,49,4,2
3222,38,162,17,144,7,7
2565,22,50,120,74,16,2
1465,44,73,15,86,4,5
240,8,9,3,26,2,1
634,32,54,650,125,20,0
1671,37,83,488,69,29,0
228,13,37,356,112,27,0
2557,22,35,90,87,23,1
1636,7,10,0,9,4,1
840,43,74,2,193,8,3
1046,79,108,4,166,4,4
3868,9,17,0,34,3,1
1960,38,100,19,106,6,5
262,11,14,1,22,1,0
1499,25,73,413,145,18,0
805,28,53,184,84,10,3
2701,18,34,83,77,11,1
2851,2,20,5,25,3,1
2822,27,40,150,74,14,3
1363,5,8,3,11,2,0
2008,29,83,10,149,7,3
1992,61,130,17,78,6,7
2808,2,10,4,13,2,0
1490,9,16,3,24,2,1
3353,1,13,1,23,3,2
1723,29,49,256,112,26,0
167,25,35,275,109,5,0
215,39,134,9,161,4,6
2350,29,48,125,50,15,2
3794,8,11,0,24,3,0
3011,7,16,1,17,3,0
1235,21,106,13,152,10,5
625,45,144,0,144,9,4
958,45,126,1,164,7,6
2274,59,100,3,156,6,3
2762,21,40,103,83,17,3
2683,12,17,3,18,2,1
1011,16,37,123,64,15,2
3943,60,154,16,96,7,8
689,33,19,122,61,10,3
3326,31,54,444,65,36,0
2681,27,53,135,72,10,1
980,26,49,166,64,12,3
2498,26,47,115,84,25,2
945,41,138,0,166,8,1
3574,7,21,2,16,3,1
948,28,41,129,100,22,1
1704,12,21,2,21,3,1
674,27,47,101,36,17,3
734,5,6,0,23,3,1
393,32,29,464,104,35,0
1994,78,121,22,199,3,4
1726,3,20,3,14,2,0
3586,16,34,138,63,2,2
3909,14,20,3,20,3,0
2802,24,72,672,134,40,0
3788,72,130,7,153,6,4
3677,13,24,4,20,4,2
1759,33,57,78,52,6,2
2449,16,58,192,60,20,1
3731,11,8,0,27,4,1
629,20,56,189,42,12,1
2825,40,84,10,205,10,7
245,23,54,129,62,14,2
2405,10,16,3,30,4,3
1088,40,80,1,87,3,4
169,25,38,135,69,16,3
3471,20,46,205,78,10,2
3416,29,64,496,75,25,0
230,11,11,3,7,5,0
2036,23,77,662,111,5,0
1655,40,133,10,183,7,7
441,19,45,79,78,14,2
3351,16,8,2,22,3,1
586,59,89,2,163,8,7
3762,2,20,1,29,3,1
3793,29,52,119,50,19,1
575,11,25,3,26,3,2
1440,30,65,439,63,24,0
1479,11,16,4,17,5,1
1207,47,74,6,119,10,5
3179,28,68,422,107,36,0
3256,52,87,0,163,9,7
824,6,15,2,24,3,2
1466,11,25,2,21,3,2
3273,10,7,8,23,2,1
270,27,43,610,122,16,0
2442,69,137,9,148,9,3
545,7,19,2,22,4,0
1622,39,104,8,138,11,3
3590,41,115,15,103,6,2
294,8,9,4,28,3,2
2784,6,15,2,28,3,2
1242,41,57,109,79,20,2
1886,10,9,5,25,2,3
1521,34,71,434,37,17,0
418,28,47,113,52,13,2
301,7,13,4,16,3,2
3440,44,132,16,111,10,5
2886,6,19,2,22,3,3
469,38,32,148,54,17,3
3032,25,49,158,77,17,1
1180,14,62,347,117,26,1
3152,10,10,1,37,2,2
2907,7,11,5,18,2,1
2609,33,57,385,105,24,0
2287,12,71,615,117,13,0
1411,30,37,473,62,29,0
1297,5,18,5,22,2,0
3406,57,69,6,218,14,7
2535,10,9,4,20,2,0
1442,53,66,310,73,24,1
1322,21,51,140,69,13,3
665,48,63,23,200,4,6
2703,53,127,23,96,3,5
570,9,21,3,30,4,1
1104,30,56,425,61,16,1
3227,25,34,164,97,14,2
2741,23,51,96,82,23,3
3974,8,5,0,17,3,1
1042,39,66,571,86,25,0
3246,9,16,1,24,4,0
3951,10,22,7,15,4,1
2248,11,12,4,15,1,0
1995,33,154,26,148,13,2
3954,31,109,13,182,3,3
1208,27,83,11,195,11,8
3903,26,90,448,125,25,0
1800,45,51,454,87,20,0
2227,35,120,19,160,8,8
2051,42,70,522,110,21,0
1819,32,47,400,108,24,0
1167,30,88,398,79,28,0
747,8,23,1,30,2,2
3508,64,103,13,85,8,4
2080,44,78,7,156,5,6
1439,56,35,430,84,38,1
155,50,140,20,184,12,7
3526,34,40,76,67,16,2
859,58,102,13,158,3,7
86,31,58,5,65,14,1
1669,14,39,151,79,11,3
2901,6,10,2,17,2,1
1893,25,46,168,83,15,1
3188,29,40,129,75,11,4
2059,8,21,7,17,2,2
3289,10,26,3,26,4,2
3944,31,34,179,104,15,1
1077,17,43,56,72,12,2
3114,35,61,723,76,15,0
3753,9,10,2,18,3,1
1625,29,34,135,88,15,3
449,14,51,125,93,11,1
1313,11,19,0,21,3,2
2258,18,48,46,99,19,2
93,15,41,186,84,8,1
197,25,44,206,92,25,2
2083,29,58,326,61,11,0
3058,18,83,788,144,33,0
2417,19,61,41,49,11,2
2335,9,10,2,26,3,2
2794,21,42,149,61,13,2
316,6,21,1,9,3,1
1460,57,91,16,134,2,7
2003,39,129,0,232,10,8
2199,28,45,97,110,17,0
3729,30,52,97,90,9,3
2654,60,41,23,82,4,7
3510,8,18,0,24,3,1
690,17,57,61,121,20,1
1584,56,121,0,216,10,5
2637,6,19,0,8,4,2
420,32,72,18,134,7,5
2208,27,64,509,91,20,0
2977,5,17,3,26,2,2
3688,11,17,1,26,2,0
2156,30,39,32,103,19,1
119,41,55,417,92,21,0
3253,37,69,503,67,24,0
1637,57,80,2,147,9,2
435,61,107,18,155,12,6
585,8,19,0,22,4,2
3819,12,12,1,20,4,0
1220,6,27,4,17,5,0
3698,6,16,2,24,2,2
2067,31,38,126,75,13,3
1212,8,5,2,28,2,0
904,36,74,821,154,34,0
1942,14,38,103,81,10,0
910,51,127,7,129,8,4
1797,15,60,469,80,41,0
3999,26,56,132,54,12,3
2648,32,40,136,73,10,0
403,10,13,0,45,4,2
3411,49,97,0,200,8,4
1359,47,104,10,203,10,4
889,28,31,78,72,18,3
2050,26,39,123,73,17,1
1364,30,37,109,40,13,1
1082,54,122,16,148,11,3
1686,70,73,24,82,8,5
609,22,47,76,72,22,3
3487,10,17,3,26,2,0
670,47,133,14,163,10,2
2257,27,86,505,95,23,1
1177,30,43,562,16,14,0
2916,28,58,538,107,20,0
3899,13,13,2,32,4,1
3073,31,39,174,72,11,2
3194,15,21,2,15,2,1
3685,22,44,175,46,26,2
1643,12,16,5,39,3,0
2318,28,49,239,117,30,0
2715,49,82,0,148,8,4
3221,8,15,5,26,3,0
2589,31,61,517,72,26,0
3395,28,26,148,74,17,1
380,11,13,2,20,4,2
2381,23,48,141,60,21,1
3952,8,19,2,10,4,3
1763,56,113,16,149,8,8
3064,34,94,0,179,7,5
2887,29,48,294,95,34,0
2625,9,16,0,20,4,3
1446,6,11,2,17,1,0
1238,28,74,614,51,20,0
835,38,55,407,73,5,0
937,24,68,549,118,31,0
2363,54,100,1,70,12,7
2333,34,62,590,169,12,0
954,35,116,4,117,6,4
1710,21,63,619,128,32,0
3072,10,11,0,24,1,0
866,21,41,70,64,12,3
2015,11,19,4,9,2,2
3409,9,16,0,23,3,1
900,7,19,7,26,5,2
727,11,13,1,22,3,0
78,22,45,362,177,38,0
1062,45,125,14,129,11,6
439,48,77,16,144,10,6
297,6,11,2,21,2,1
3789,10,11,0,19,2,0
91,52,103,10,221,8,3
2608,59,105,1,108,3,3
2541,12,13,0,23,2,1
774,12,18,0,8,2,0
990,26,54,124,49,15,2
2131,65,67,18,167,4,5
1780,11,39,125,66,19,3
1958,8,15,1,8,2,2
2011,6,8,2,31,3,1
3658,37,69,765,129,33,0
239,53,151,6,125,4,2
122,30,38,201,55,9,2
2347,22,65,502,145,31,0
733,29,60,467,83,20,0
1611,32,64,256,91,15,0
3503,12,19,5,43,2,1
2183,74,142,14,171,9,5
3298,35,98,20,148,12,5
2265,42,76,393,82,16,0
3693,41,52,151,75,15,2
49,19,35,141,72,15,3
2837,9,14,3,16,3,0
2885,29,62,167,60,24,0
499,36,46,535,131,22,0
758,7,9,2,30,2,0
2289,20,86,394,113,15,1
3654,7,16,1,17,3,0
1724,22,44,178,107,16,1
57,72,89,15,135,9,3
2049,46,82,21,200,7,2
2386,42,92,3,107,7,2
932,70,138,26,140,9,9
1950,31,39,151,92,16,3
977,7,25,1,18,3,1
875,13,12,2,8,3,1
2238,65,101,12,167,5,9
3822,40,62,455,70,32,0
730,69,114,10,139,13,5
2396,4,20,2,22,4,1
1650,62,78,12,116,5,9
1725,3,150,0,166,8,7
860,9,22,4,24,1,1
3541,55,45,0,156,8,3
1931,40,60,562,75,23,0
2372,29,42,193,80,16,2
3547,21,52,482,67,30,0
2358,50,123,14,147,11,6
152,19,53,124,77,17,2
3879,35,61,3,115,8,4
1680,41,48,124,80,24,1
2367,20,30,123,99,23,0
943,41,36,101,52,10,2
3269,10,51,107,56,15,2
3238,35,72,529,150,30,0
3861,36,41,60,84,13,3
884,52,112,16,206,8,3
3476,14,56,471,126,23,0
2646,6,9,1,5,4,2
2019,24,43,152,50,13,1
2546,9,17,2,18,4,1
335,28,51,173,62,15,2
1373,30,52,106,78,15,3
2342,55,131,1,113,7,7
2270,18,40,133,71,19,3
3831,14,21,1,18,2,3
3820,27,66,102,73,21,2
2433,33,106,17,122,6,7
3434,32,77,446,45,19,0
672,38,48,503,198,19,0
1596,41,169,7,160,15,6
2314,17,69,696,82,7,0
2388,9,21,5,10,3,1
400,5,5,0,29,3,1
3844,45,116,21,105,9,2
478,48,99,20,130,7,5
2956,4,10,2,18,3,1
2860,27,41,538,34,38,1
19,23,48,146,83,15,2
2252,11,19,2,21,3,1
541,9,7,4,17,3,3
1974,13,62,394,124,25,0
1427,17,27,120,77,11,1
3882,51,101,14,192,6,5
1485,8,11,0,19,3,1
2439,67,60,28,173,13,5
312,25,38,169,69,17,6
1815,33,58,192,43,10,1
1375,38,40,412,120,23,0
3850,13,15,2,16,2,2
2611,39,65,643,84,33,0
565,27,72,373,87,19,0
1387,61,78,6,117,6,7
3121,37,133,0,153,14,9
878,40,102,582,89,23,0
114,7,14,0,30,2,1
482,9,12,3,16,3,1
2508,8,13,2,19,2,2
2288,43,60,12,128,8,5
259,31,47,90,68,21,4
3055,43,109,19,112,13,2
3840,25,51,489,88,21,0
2247,33,52,64,63,15,0
3646,9,25,0,31,4,1
1996,14,17,0,13,4,1
2727,2,18,2,18,4,2
3585,8,20,1,15,2,1
3896,25,51,384,101,47,0
560,40,124,0,127,14,8
2551,35,48,517,98,33,0
103,25,48,123,84,14,3
3218,32,52,91,109,11,3
870,25,41,743,146,20,0
3707,31,50,105,72,12,3
763,27,37,385,111,36,0
2996,72,91,15,163,6,6
1334,49,49,722,104,31,0
2331,68,144,14,172,11,5
1253,35,66,557,93,25,1
2060,25,30,516,60,23,0
2,6,12,7,13,3,0
3368,10,39,174,95,17,2
1597,22,57,654,52,37,0
3537,15,12,1,13,3,1
556,27,50,862,53,36,0
1911,45,94,3,210,10,3
1013,60,80,13,150,10,6
1599,42,40,540,67,28,0
1121,44,61,15,172,5,3
2812,17,56,88,56,6,2
2241,19,34,108,61,18,3
379,17,49,140,72,12,2
3303,29,37,50,59,15,1
421,28,78,471,156,22,0
967,34,65,449,118,29,0
1099,23,30,90,86,9,3
971,8,17,3,17,3,2
1887,24,78,19,130,5,5
698,43,126,2,225,7,3
2753,44,77,15,155,2,2
547,44,85,8,100,4,5
3579,21,73,645,98,31,0
2150,28,59,561,102,15,0
1894,25,73,481,149,32,0
3700,63,115,15,142,12,4
1139,37,47,632,61,25,0
2431,12,14,2,15,5,0
1182,34,120,14,111,2,4
3033,29,34,110,81,14,2
2623,15,41,150,86,19,4
3166,6,5,0,16,5,1
2834,1,21,2,33,2,1
3538,61,102,17,105,10,3
2605,53,108,17,147,5,5
1301,7,102,6,153,3,5
829,39,47,160,66,14,4
3066,8,6,4,23,3,1
307,56,106,0,50,9,3
3963,12,19,5,26,2,2
3392,16,42,187,46,21,3
3759,24,48,467,98,21,0
1607,12,11,0,32,3,0
1844,7,19,1,5,3,1
3779,46,129,10,117,5,7
1656,33,37,296,103,34,0
1594,35,50,780,96,30,0
1983,52,108,20,139,8,8
3417,10,10,5,36,3,1
1985,29,45,510,149,27,0
3118,9,16,1,17,3,0
539,30,28,530,125,41,1
1175,88,94,6,143,6,7
1305,16,30,586,96,26,0
555,30,66,553,105,13,0
975,21,57,46,64,18,2
3136,36,133,0,160,9,7
789,22,37,109,66,15,2
1271,61,156,2,168,5,7
1353,32,75,17,192,10,3
355,42,52,550,119,28,0
3401,17,43,163,49,17,1
3065,26,36,112,52,17,2
60,15,51,143,67,19,3
264,5,13,3,16,3,1
1789,13,88,629,102,20,0
752,47,71,10,169,11,2
2437,30,40,13,107,5,8
1952,7,13,2,24,1,0
3367,7,11,0,32,1,0
1963,59,82,13,124,9,6
1352,77,123,3,197,8,5
3305,5,21,0,24,4,1
2734,20,46,116,56,15,3
3029,34,37,135,53,8,0
111,5,14,2,26,2,0
898,23,41,104,93,21,2
1638,25,43,95,46,13,2
2310,34,31,164,66,16,3
2549,26,53,110,89,17,2
268,23,47,93,83,18,1
1472,42,158,13,138,5,4
3655,12,15,4,32,4,1
2631,32,61,341,83,20,1
2269,44,109,8,80,14,7
1526,52,51,0,186,8,3
1107,49,87,477,64,26,0
2175,6,10,0,22,3,0
1711,19,44,88,65,17,0
235,29,33,161,112,17,3
2635,60,165,1,125,8,6
2460,36,44,102,67,16,1
1215,55,128,13,103,6,5
2896,37,37,143,89,13,1
1933,45,89,3,172,13,5
880,24,53,271,62,29,0
1856,20,61,436,109,30,0
3675,7,15,1,31,3,0
3945,15,48,98,104,19,0
720,58,132,0,190,9,5
3456,18,61,196,55,12,1
3826,29,76,369,75,14,0
2454,10,25,1,24,2,0
1754,24,50,564,117,29,1
2821,26,43,419,111,26,0
2408,39,59,342,75,37,0
3529,8,17,0,24,1,0
802,26,21,31,82,10,3
3898,57,108,22,201,4,4
2334,37,54,419,96,11,1
2997,13,15,4,24,3,0
3312,8,17,6,20,2,0
1126,47,142,7,147,6,3
2723,34,54,353,73,25,0
770,25,53,908,119,27,0
1191,43,143,22,147,9,9
3315,27,55,357,44,34,0
2571,35,76,112,89,16,1
3400,24,23,653,47,17,0
328,57,58,4,129,7,6
28,26,59,600,48,31,0
3217,8,15,2,15,1,2
868,53,97,26,128,11,4
1451,19,62,578,86,22,0
1456,7,11,0,9,2,0
1118,11,8,1,23,1,1
2960,34,92,7,137,6,5
1915,35,56,615,120,10,0
1432,25,48,189,38,16,2
540,38,52,100,55,18,3
3123,13,5,0,16,4,1
3453,75,129,14,117,7,3
1913,29,50,368,71,34,0
222,7,15,0,23,3,1
2726,8,20,3,5,4,0
1148,37,53,834,96,23,1
2321,19,34,428,139,35,0
3325,30,63,481,82,28,0
1061,27,35,301,100,22,0
1496,6,9,1,19,3,2
3616,64,134,4,222,7,3
3904,37,24,52,26,17,3
2481,68,59,4,88,10,5
477,25,38,475,81,4,0
526,35,42,460,81,36,0
3908,6,13,5,32,4,1
3159,23,64,171,54,14,2
983,5,21,2,9,2,2
473,19,34,133,67,6,1
1368,21,78,581,112,22,1
3937,40,115,8,130,14,8
3074,33,55,82,77,10,2
2998,29,112,8,153,11,8
873,6,12,0,5,3,1
1673,51,96,9,139,4,5
485,12,9,1,10,3,2
1412,9,8,0,21,5,0
2268,10,20,2,26,4,0
404,28,68,550,140,17,0
1067,43,91,464,52,9,0
3902,17,100,4,212,4,7
2337,41,64,15,150,13,5
745,23,25,110,64,9,2
2920,41,65,506,68,30,1
3183,20,58,434,74,28,0
502,32,52,134,67,10,2
1708,40,78,376,91,20,1
1744,58,64,9,213,5,6
1879,10,15,3,22,2,1
631,7,24,0,28,3,3
2513,63,94,11,135,6,8
217,22,27,142,82,24,2
3509,36,71,325,132,31,0
732,3,12,0,17,3,1
2192,21,110,6,173,11,9
1012,20,48,114,47,26,3
72,18,58,617,129,31,0
1720,53,123,14,155,12,6
2201,1,18,2,17,3,1
2069,13,23,4,17,4,1
1493,10,19,0,25,4,1
2105,30,49,724,116,13,0
3432,16,58,140,86,20,2
3618,26,64,552,98,10,0
3834,20,56,174,41,17,2
1927,37,64,502,84,40,1
3300,12,19,3,22,3,0
464,39,98,9,182,1,4
88,6,9,4,30,3,0
209,55,85,12,109,5,5
1033,26,24,152,31,14,2
1171,18,41,135,61,17,2
1263,61,121,15,175,11,7
2446,7,11,3,12,4,2
3835,52,79,10,146,1,8
1333,39,59,230,46,26,0
1874,32,33,149,99,13,1
3142,28,39,149,69,13,2
3070,23,54,163,93,4,1
3229,20,40,54,65,22,2
190,10,12,5,25,1,0
2992,24,58,48,77,10,4
3571,5,13,0,16,4,1
3003,30,43,78,98,24,1
1695,1,15,5,15,2,0
1193,26,56,144,52,13,1
3154,61,135,5,162,10,4
1795,16,37,179,99,13,1
2613,35,98,2,111,13,3
3333,4,17,1,27,3,2
3099,10,52,142,80,17,4
3883,20,49,8,128,6,3
3437,4,19,3,18,3,2
3052,49,113,0,119,5,5
1288,41,48,496,109,26,0
2889,26,61,722,51,30,0
3277,55,105,20,179,8,4
467,29,116,15,253,5,8
2863,51,84,2,176,5,3
1646,11,8,2,18,4,2
709,33,125,22,136,9,7
962,34,63,39,49,12,2
1248,54,93,7,150,4,6
2271,28,103,15,183,5,4
1846,53,115,2,164,4,8
2317,78,60,2,181,4,7
989,26,138,10,150,7,3
1377,20,47,95,99,7,2
2123,30,62,69,93,17,2
3205,31,49,68,70,18,1
1002,26,54,286,139,16,0
3935,68,61,5,153,11,4
2404,7,15,3,24,3,0
352,9,16,2,15,4,0
1868,7,23,2,23,4,1
2087,22,58,96,84,16,3
2720,21,65,517,55,3,0
2604,9,20,0,34,5,0
2351,6,9,3,23,2,2
1433,11,14,2,38,1,1
2742,66,70,3,68,8,3
490,6,18,0,23,1,2
3895,34,68,129,79,18,1
3747,31,45,144,83,10,3
2249,28,37,85,87,15,3
3439,39,55,293,98,21,0
2084,28,108,16,192,5,7
2659,72,103,6,103,10,3
903,7,7,4,12,3,0
2963,39,71,489,85,21,0
2878,33,43,108,35,21,3
2392,64,79,17,168,5,7
2173,52,104,20,148,10,3
3746,10,44,333,114,28,0
2672,49,35,7,78,8,6
339,26,65,383,43,26,1
370,22,38,120,77,18,2
2506,26,38,115,55,14,3
792,23,45,927,95,16,0
612,42,116,0,121,9,5
281,6,17,1,5,4,1
1346,10,19,2,13,4,1
1805,23,72,461,113,25,0
3741,11,13,0,8,4,1
2905,7,10,5,17,3,0
471,39,106,6,117,5,7
274,18,97,0,164,10,7
21,6,23,2,16,3,1
779,22,67,523,120,32,0
2770,27,40,274,106,21,0
3474,14,13,2,12,4,1
383,16,45,118,60,8,3
1507,43,44,417,98,22,0
564,26,39,12,153,10,4
2991,20,85,456,93,32,0
2034,67,81,4,194,3,6
1860,6,22,2,30,4,2
1707,47,88,4,128,8,5
1630,6,22,4,13,3,2
1920,46,81,2,177,4,5
3756,22,56,312,122,22,0
851,16,58,158,85,18,1
1736,42,65,613,150,32,0
1719,9,16,1,18,4,3
652,9,13,4,17,3,2
1696,6,21,2,18,3,1
3812,25,60,587,100,22,0
1626,9,21,4,32,2,2
1103,29,112,10,84,9,4
3522,29,63,264,84,24,0
2479,3,14,4,20,4,0
743,80,117,21,151,9,5
2007,31,66,64,57,11,1
3124,7,13,1,5,2,0
218,23,36,96,63,15,2
1954,16,50,121,57,25,3
310,27,65,187,71,17,3
973,9,17,2,20,3,1
2130,4,8,5,6,3,2
360,7,5,1,33,2,1
828,13,65,20,129,6,5
841,6,10,5,27,4,2
3346,6,14,0,5,4,0
3480,7,14,1,7,3,2
3387,10,12,4,21,2,0
787,47,94,16,170,3,3
2002,49,85,18,180,10,9
3781,62,89,12,216,10,5
3724,11,14,7,20,2,1
3139,32,60,302,57,20,0
1554,29,46,145,54,19,2
748,45,114,17,133,6,2
3754,45,70,21,157,10,3
3629,29,49,186,62,18,2
154,47,97,12,137,8,6
3025,12,18,3,9,2,1
2914,25,43,150,53,21,2
765,41,71,247,100,14,0
39,29,56,130,41,15,1
3782,39,67,12,114,9,2
94,17,60,671,65,28,0
2304,26,99,343,76,20,0
681,22,78,377,80,37,0
854,22,65,792,147,20,0
1817,36,62,355,78,24,0
369,25,42,169,66,13,2
1178,14,48,93,90,3,2
2139,11,19,4,15,3,1
3202,31,65,395,128,15,0
3736,5,6,4,14,1,1
2382,53,152,9,223,9,2
2267,69,99,9,100,6,5
2700,9,20,2,34,4,0
633,24,44,110,60,17,1
25,15,83,456,72,13,0
48,18,28,126,94,7,2
2525,34,61,133,64,21,1
602,35,45,541,144,21,1
368,26,111,8,123,9,2
3127,36,58,348,100,25,0
590,28,46,544,173,23,0
3715,34,62,148,51,24,0
3228,29,56,497,159,31,0
1091,9,9,2,22,1,0
2616,22,65,508,71,18,0
2416,74,110,19,136,7,6
3257,24,31,134,53,8,2
2336,50,152,12,178,5,4
2035,46,88,9,180,8,6
3091,7,17,3,25,3,1
1218,7,14,3,13,3,0
291,24,51,137,48,18,3
1078,56,107,9,93,4,11
3028,8,10,4,29,2,2
1255,45,125,21,215,9,6
3965,27,35,134,57,14,4
3089,22,45,542,65,10,0
3390,31,49,350,109,31,0
3549,54,108,9,204,11,7
769,30,50,661,112,26,0
3087,5,23,1,22,4,0
1216,10,20,5,15,4,1
3448,41,60,135,75,24,2
3512,20,143,0,222,3,6
431,8,8,5,15,2,2
2740,6,5,0,30,3,1
2153,23,83,616,105,34,1
2053,6,23,2,24,2,2
3296,80,63,19,201,7,6
909,9,13,2,12,4,1
2588,7,9,2,15,3,0
2429,15,56,133,74,11,2
284,84,114,0,119,3,5
30,89,152,16,175,6,4
2387,37,52,507,82,14,0
2148,33,33,188,119,19,1
3885,7,13,2,25,2,3
2653,9,21,4,27,4,1
3699,33,37,19,151,5,4
1366,26,33,197,77,18,2
2348,31,22,60,22,20,2
1987,26,54,34,80,14,5
1114,37,36,98,56,14,4
2286,76,113,5,178,8,9
1647,7,8,4,17,4,1
2980,60,157,0,133,13,5
125,34,57,214,47,15,4
2925,23,57,55,128,18,0
3609,7,20,4,17,3,0
3592,32,84,528,158,18,0
3821,8,25,4,13,4,1
3689,10,26,3,14,3,0
61,19,47,596,71,26,0
2676,35,121,5,151,6,6
2581,40,60,509,121,36,2
5,6,12,4,12,3,0
3524,15,52,124,109,6,1
3545,9,14,2,28,2,0
3389,34,50,129,90,18,2
2088,9,12,0,22,2,2
2595,48,59,21,148,8,3
3350,15,70,144,86,9,3
3151,11,15,1,27,3,0
3947,6,16,1,25,1,2
3482,33,54,305,168,21,0
2357,71,122,26,107,8,5
646,23,60,657,118,35,0
2921,47,42,7,142,5,6
2590,23,50,126,51,15,0
746,36,55,690,60,27,1
3491,50,47,4,165,8,4
966,32,63,291,71,28,0
356,8,24,1,15,4,2
2641,41,58,73,119,17,3
1035,39,73,382,91,45,0
3536,14,55,165,82,16,3
2021,10,10,1,5,4,1
1123,24,61,480,40,22,0
254,27,41,89,78,3,4
3263,26,57,175,68,15,2
1488,24,34,94,32,24,1
764,26,52,139,68,20,1
3852,93,103,13,90,8,5
905,31,77,383,146,15,0
2211,40,38,130,46,16,2
3768,4,18,4,16,4,2
826,71,87,23,149,8,7
2728,49,98,8,145,2,10
159,9,48,142,75,24,1
1404,22,41,164,45,22,2
803,42,82,20,258,14,5
1904,12,15,5,15,3,1
1388,12,16,4,12,5,3
1792,51,106,2,105,4,2
1900,27,66,491,150,18,0
1590,41,41,156,60,22,4
2463,4,12,2,22,4,0
2215,43,66,427,87,26,0
3576,11,20,6,15,5,2
3247,5,10,1,9,3,0
2636,35,101,0,160,8,7
1508,23,42,160,57,20,1
999,35,75,438,33,18,1
3009,7,12,3,26,2,3
3274,22,48,113,83,19,2
3421,45,152,9,168,9,9
2038,7,15,4,26,2,1
102,26,42,133,63,18,0
524,32,88,7,110,7,4
1331,29,73,470,174,39,0
3648,47,5,6,96,13,7
3214,35,72,347,99,24,1
2447,29,43,75,63,10,2
3600,37,78,454,38,37,0
554,1,13,0,28,1,1
569,24,66,279,166,15,0
1544,24,49,741,137,20,1
2045,6,18,4,18,2,1
32,5,19,1,23,2,1
583,6,15,3,31,4,1
2132,28,42,117,77,16,2
1001,32,56,173,67,21,2
3234,37,57,489,101,22,0
87,8,18,2,24,4,0
1716,9,14,0,15,2,2
888,28,30,127,52,10,1
2225,7,15,0,22,3,0
3173,53,92,16,108,3,5
198,29,46,389,117,39,0
667,4,16,1,24,2,2
1202,13,19,1,17,4,0
621,1,5,0,35,1,1
2626,42,53,514,98,28,0
3572,26,89,501,100,33,0
3970,67,75,6,108,10,7
3663,18,47,130,65,16,1
3041,42,43,395,98,25,0
501,22,27,159,79,30,2
2109,6,16,5,23,2,2
181,3,23,1,24,1,2
1682,38,63,671,105,12,0
700,32,26,116,51,14,2
1997,34,51,110,60,14,2
531,12,17,3,27,3,3
879,10,15,2,16,2,1
398,38,69,19,158,8,6
1285,25,37,763,76,23,0
963,32,61,443,73,30,0
2041,23,58,116,63,20,2
323,55,93,5,200,11,3
759,22,87,21,142,10,8
1855,38,68,636,118,26,0
1036,23,40,78,96,24,0
887,20,36,128,107,12,2
2897,22,24,452,74,32,0
2628,65,88,4,156,5,3
1026,22,47,80,41,13,1
648,38,87,20,211,5,6
761,36,68,608,107,20,0
2572,37,54,432,76,22,0
2779,46,53,1,141,10,5
542,37,79,14,201,9,5
3342,11,14,5,27,4,1
260,9,20,1,10,4,0
3771,7,17,3,26,4,3
2272,30,44,110,87,12,2
1975,12,11,1,14,2,1
4000,31,39,106,35,9,2
1929,24,61,734,95,28,0
3429,42,80,435,93,27,0
2935,12,14,6,5,4,2
2606,38,97,6,158,8,5
3730,41,75,6,125,8,4
796,24,47,120,109,6,2
428,19,41,126,109,8,3
1230,35,78,306,50,21,1
3321,11,16,0,31,2,0
3375,44,148,14,186,7,3
3499,25,83,356,70,25,0
1722,28,29,85,79,11,1
548,6,13,0,12,3,2
1337,29,50,223,98,21,0
2165,26,55,397,83,11,0
3890,16,42,94,80,8,2
207,27,48,94,62,22,1
2680,30,61,175,87,13,1
2149,38,69,367,77,14,1
1000,61,75,20,186,7,4
3587,61,97,17,111,3,3
2468,55,91,30,108,8,5
1574,29,34,89,54,12,2
1028,37,47,136,93,11,3
2145,56,98,0,144,7,4
881,69,105,11,102,12,6
3533,10,47,650,188,32,0
3318,59,113,20,162,8,6
2102,24,48,87,61,17,4
3479,33,21,469,182,8,0
136,38,87,413,76,26,0
3846,26,54,174,172,25,0
2958,11,16,0,7,2,3
226,27,52,64,68,20,2
1111,31,135,11,97,8,5
1550,13,10,4,20,2,0
2735,5,14,0,20,4,1
1014,49,52,611,84,18,0
3575,10,10,2,21,3,2
319,24,48,159,91,18,1
2550,26,89,17,191,10,7
2973,30,44,107,98,15,0
115,27,70,422,6,24,0
2545,27,97,415,90,17,0
3990,8,41,159,89,17,2
3853,36,31,230,66,27,1
2768,18,48,187,37,18,3
927,21,27,123,62,17,1
2913,9,9,0,11,2,0
100,27,63,573,143,22,0
365,34,37,199,55,14,1
2085,32,52,92,97,15,2
2197,32,50,345,78,18,0
1306,22,67,175,79,30,0
59,4,12,2,12,3,0
3649,15,38,528,84,27,0
1304,10,7,6,15,3,1
2292,10,15,7,23,3,2
3210,32,45,397,82,28,0
433,26,70,142,73,15,1
715,32,47,139,70,12,2
536,29,72,432,85,26,1
34,10,11,2,20,4,0
513,8,5,0,23,3,2
3695,59,68,12,116,8,7
2979,13,10,0,12,2,0
1492,42,113,17,175,6,5
2445,44,124,7,139,5,5
2624,21,57,525,106,33,0
2072,10,19,2,27,6,3
148,41,146,31,171,9,1
2282,8,15,0,24,3,1
2592,11,14,4,5,3,2
1595,20,64,121,91,19,1
1799,35,29,452,89,29,1
3742,59,59,2,126,8,7
3601,44,70,21,144,5,7
2009,78,63,18,109,6,4
3876,70,72,5,113,6,6
3026,1,20,1,28,4,0
1727,55,56,2,216,4,4
704,9,8,2,27,4,3
535,36,138,15,92,8,3
961,24,53,515,84,23,0
2975,31,67,685,105,34,0
2124,78,139,14,157,5,5
139,12,12,5,13,3,2
1809,6,14,0,28,2,3
461,9,15,1,19,3,1
731,32,43,129,45,16,1
450,24,81,811,67,28,0
1956,29,58,71,68,15,3
3673,66,68,0,108,5,8
714,41,49,660,108,25,0
385,26,54,452,106,31,0
185,42,50,433,87,26,0
726,7,10,3,17,4,1
1268,12,22,3,22,3,1
2133,29,96,5,146,10,1
2796,26,48,145,70,17,3
3224,36,69,396,67,30,0
801,25,25,164,92,19,2
2618,33,52,649,88,24,0
1683,2,16,4,16,2,1
1469,16,47,129,50,13,2
3177,9,18,4,33,3,1
3975,6,14,1,26,5,2
762,41,85,21,187,11,3
2667,24,29,128,74,7,3
2573,24,55,121,89,15,4
3493,53,157,1,227,9,7
343,26,54,609,80,39,0
2432,24,30,117,67,14,2
3475,24,40,93,78,18,2
2810,8,16,2,19,2,1
2100,36,130,0,138,14,2
3261,55,93,11,132,12,9
3037,30,57,172,62,20,1
3588,23,27,596,80,18,0
1750,21,44,76,71,22,0
500,6,11,6,19,2,3
823,30,73,317,67,25,1
2126,46,98,10,100,2,5
2918,21,70,392,116,27,0
3043,16,29,96,102,14,2
2561,33,42,200,89,12,1
3710,30,38,77,50,15,2
955,15,67,130,99,9,1
3130,8,17,1,26,4,2
3805,23,36,95,73,24,0
2759,34,41,653,102,22,0
3204,27,69,104,83,10,1
972,46,96,18,130,7,4
1045,48,85,0,170,6,3
3198,42,74,713,45,24,0
3917,36,41,146,62,7,3
3981,78,91,11,216,10,6
1064,26,55,151,96,8,1
2657,21,29,100,58,21,2
3709,6,12,2,19,2,0
1977,48,90,1,234,8,5
3236,27,63,465,120,20,0
2881,16,39,102,62,15,3
993,29,77,347,18,7,0
332,30,38,118,68,20,0
1880,19,45,104,63,12,3
2554,26,62,116,63,22,2
1582,36,100,5,142,14,3
468,28,72,647,149,19,0
893,28,83,431,122,18,0
2161,5,17,2,34,3,2
916,6,23,0,18,2,0
3878,33,57,545,165,21,0
1694,8,9,2,22,4,0
2293,59,154,20,171,5,4
177,25,58,132,66,17,3
296,2,12,4,19,3,2
3801,10,11,2,27,3,1
942,24,43,111,59,18,2
2450,30,76,444,94,20,0
1401,34,43,17,221,9,5
3264,35,71,570,108,16,0
2453,42,110,0,194,8,8
1778,33,70,162,94,20,2
336,24,36,94,108,17,3
92,22,47,421,122,32,0
2058,7,22,3,30,2,1
3266,7,24,4,11,4,2
2687,35,134,7,129,8,3
399,68,99,11,112,9,3
2108,53,122,12,94,4,3
1850,19,38,79,64,14,2
3561,33,43,415,106,27,1
3983,7,16,0,16,2,0
2563,24,52,134,54,16,2
248,9,10,3,30,1,0
1957,41,45,103,78,19,3
2285,40,75,377,120,35,0
2010,72,111,6,129,4,5
2591,24,53,238,139,22,0
2497,8,22,0,21,4,2
3775,57,116,14,175,8,0
3514,32,60,216,79,19,2
1861,38,74,731,131,20,0
2217,24,127,16,130,9,2
895,8,21,3,20,5,0
1031,49,107,4,195,6,5
440,52,97,15,129,11,5
8,12,14,1,22,2,0
83,26,38,69,61,9,1
1100,44,112,17,181,9,3
455,54,76,13,155,1,3
1463,2,21,2,28,3,1
289,61,104,6,217,2,4
2689,72,96,0,126,10,6
1394,31,36,97,51,18,3
737,11,20,0,30,2,1
2675,40,128,13,109,10,9
1925,25,55,569,99,19,0
510,27,35,185,32,3,2
279,50,102,0,145,4,10
1986,42,132,14,229,7,4
842,21,78,642,129,19,0
1822,36,50,152,56,18,1
3237,6,16,1,21,3,1
1654,28,42,150,53,17,4
2146,38,147,16,147,5,4
451,30,48,482,84,14,1
2066,61,101,15,214,8,5
3462,29,43,149,74,29,0
357,23,61,484,97,26,0
2064,4,23,0,22,3,1
899,52,51,7,153,9,6
2260,13,14,0,17,2,2
1102,24,76,413,106,39,0
2849,24,49,188,63,13,2
158,56,121,19,128,6,4
224,31,47,602,41,29,0
656,8,17,4,14,4,1
3320,38,69,499,63,25,0
1979,7,15,1,20,4,0
3094,61,70,3,174,11,5
219,5,15,2,17,2,2
337,34,80,483,83,30,0
1993,4,12,3,23,2,0
1568,10,19,4,17,3,1
1130,37,43,398,97,37,0
687,34,48,420,122,17,0
1733,73,69,9,82,12,4
3580,47,73,13,143,4,5
688,53,94,12,157,10,5
3313,34,98,17,100,11,3
3053,5,15,0,9,2,1
562,7,5,0,18,4,1
106,14,17,0,16,3,2
869,28,56,570,91,24,0
871,77,101,14,190,9,4
1665,9,5,6,6,4,0
2420,21,35,99,37,10,1
2693,44,131,2,213,6,3
1251,6,29,0,29,4,2
2995,10,31,1,10,3,0
3294,40,108,16,155,11,4
3721,4,19,2,29,2,1
3930,12,24,1,7,3,1
1219,47,98,14,181,11,4
1528,23,28,118,39,17,2
1009,16,120,9,134,4,5
367,54,136,19,165,10,2
1154,7,21,2,21,3,0
2868,8,14,0,29,2,0
2599,7,10,2,31,3,2
2299,23,73,497,117,17,0
3593,44,76,443,146,29,0
1500,14,49,204,59,14,1
600,54,57,6,162,7,6
401,8,17,3,29,4,2
2104,9,18,3,21,3,1
2732,8,12,0,6,3,1
1089,10,17,3,23,1,1
3513,42,55,82,137,4,0
1324,35,48,87,65,25,1
3097,44,100,16,121,11,7
2970,20,55,93,123,9,1
187,35,38,152,61,10,0
985,2,17,2,15,2,0
1692,28,90,20,132,5,9
1473,25,57,389,40,30,0
194,33,54,413,148,27,0
3328,8,5,3,32,4,2
2354,40,60,536,56,14,0
721,33,44,136,59,16,2
1423,35,41,134,61,12,1
141,24,47,189,90,23,2
1549,21,41,260,120,27,0
2061,15,54,21,160,5,5
2730,86,171,2,96,4,3
1662,29,79,8,213,10,4
1400,48,83,21,166,4,8
2458,30,52,118,47,10,1
877,60,112,0,133,1,3
2475,18,32,195,96,6,1
1348,15,66,433,111,21,0
2082,27,8,529,67,24,0
3811,56,87,15,159,1,6
638,7,18,4,16,4,1
2947,32,40,104,61,13,2
1713,29,108,0,200,10,6
2560,11,46,7,160,9,6
2137,23,59,139,54,10,1
2531,1,17,1,20,4,0
1252,32,78,707,34,7,0
2697,26,80,4,75,9,3
1829,21,48,327,146,34,1
3717,27,67,108,30,30,0
2365,14,33,121,77,24,3
495,58,117,3,171,6,4
1084,21,53,180,53,13,0
3582,28,42,145,42,13,3
1166,80,125,13,65,12,5
1794,7,11,2,24,5,0
543,10,12,1,16,4,1
2068,19,36,144,68,12,1
1438,8,11,2,20,3,1
1540,21,47,50,81,19,0
1664,33,47,593,71,14,0
178,23,59,347,88,16,0
2612,21,39,194,59,16,0
1362,46,89,3,145,10,7
2114,21,27,120,32,10,3
1976,34,72,557,66,7,1
3311,55,83,19,95,6,0
1709,4,9,0,26,2,0
126,10,12,8,30,4,0
243,48,88,9,197,1,6
2809,31,73,676,133,39,0
552,43,137,23,60,14,1
1003,60,139,6,175,8,8
3108,44,130,12,123,8,5
1701,40,52,515,90,33,1
3267,7,19,6,10,5,0
1522,34,132,9,177,6,5
2322,16,66,601,61,22,0
3560,27,55,140,75,13,0
2924,28,67,9,162,3,6
924,5,12,1,23,4,1
1593,27,63,247,128,41,1
3383,60,179,16,158,6,6
3621,26,87,431,110,13,0
2598,11,16,0,29,5,0
1360,21,54,145,73,18,3
3197,72,179,2,166,5,7
1905,46,58,303,98,28,0
1408,6,24,0,11,4,1
1329,56,51,3,193,8,7
472,6,17,4,20,2,0
3740,67,42,0,127,6,1
604,38,44,143,63,16,2
40,47,134,4,176,5,4
1840,10,21,2,21,3,2
781,17,42,52,109,19,1
378,47,71,0,93,8,4
3504,32,57,124,66,7,3
1192,28,71,454,84,16,0
130,30,64,614,114,30,0
2890,6,18,1,12,2,0
2204,61,81,1,152,11,4
3306,30,46,281,161,27,1
1735,7,17,4,22,5,0
3211,39,31,107,83,23,2
3464,50,105,3,160,11,7
1286,17,50,179,53,23,0
3240,27,51,438,146,16,0
3371,12,59,280,67,26,0
1883,11,55,125,89,10,2
256,10,14,2,20,3,0
2136,43,70,612,133,36,0
3948,8,12,4,14,4,0
362,24,84,8,157,8,4
577,32,54,114,110,24,3
2564,33,55,156,44,17,2
3245,7,13,0,23,3,0
1575,36,91,7,146,8,5
2651,5,10,0,7,2,1
172,62,70,0,168,10,12
3971,30,54,69,71,19,3
1845,20,48,106,94,12,1
2656,21,36,606,150,28,0
3404,52,82,11,151,13,4
2875,27,42,574,86,30,0
2638,33,47,706,68,30,1
2518,42,65,512,137,24,1
2818,6,14,0,27,3,1
1143,45,136,9,114,8,5
2048,73,57,3,114,8,5
261,9,12,2,24,3,2
775,52,134,0,233,7,9
1163,37,47,104,49,11,2
1225,9,15,3,21,2,0
1712,59,61,12,90,9,10
2829,26,55,302,54,28,0
1732,23,44,101,41,21,2
918,35,42,704,85,20,0
3084,45,104,2,213,11,5
3605,19,44,125,33,12,0
1953,22,134,6,139,9,4
498,46,112,4,202,9,3
1049,11,17,1,18,3,0
1019,23,53,161,60,12,1
1256,11,9,2,27,3,1
3864,15,67,557,82,16,0
3991,26,89,288,122,16,0
2968,61,121,0,127,7,4
1767,5,12,4,29,3,1
2556,24,72,384,85,23,0
3728,69,98,12,88,9,4
1450,22,53,75,93,22,3
940,68,166,11,93,1,4
2787,6,20,3,37,4,0
2786,32,64,729,103,32,0
3117,23,62,11,89,12,7
2640,24,54,110,124,15,1
1079,30,38,110,69,12,3
2076,9,10,0,30,3,1
2820,22,60,547,122,19,0
2000,33,58,151,83,12,2
1591,1,5,6,24,2,0
3650,9,21,4,17,4,0
890,61,73,16,174,9,7
2206,32,61,463,120,22,0
2428,10,13,2,13,3,0
3126,2,12,5,15,4,1
3992,25,37,106,88,9,4
582,1,19,1,12,1,0
930,5,23,1,34,4,0
204,30,77,503,72,25,1
1772,27,59,501,60,27,0
3035,13,17,0,22,2,1
998,25,39,89,98,13,2
124,60,121,3,130,3,1
2627,56,146,18,119,6,5
3076,1,23,3,24,2,2
2817,28,71,12,40,11,9
697,23,77,19,121,3,1
1674,35,96,291,70,37,0
2395,6,22,4,29,4,1
1627,24,42,412,91,38,0
2505,35,39,814,159,9,0
3297,8,12,0,21,4,2
2412,37,48,408,117,33,1
3925,27,40,100,80,12,2
3063,35,79,357,100,27,0
3918,15,171,14,188,10,6
108,39,47,610,87,21,0
2807,32,50,128,69,17,3
1618,33,40,133,88,20,5
2524,38,65,0,156,9,5
1641,54,69,5,134,5,4
3465,13,65,413,98,23,0
666,56,86,12,157,6,5
3467,10,8,3,5,3,1
3589,40,74,420,78,23,1
3855,42,28,318,157,34,0
1828,13,21,0,17,2,2
3370,26,57,498,88,24,0
3798,13,19,1,10,4,0
3308,29,80,544,103,30,0
1849,21,25,221,76,49,0
3422,29,70,492,76,21,0
1512,7,12,3,37,4,0
3704,51,58,8,134,4,9
3901,33,75,534,85,9,0
96,20,124,14,134,6,3
952,46,117,9,134,5,6
1434,8,13,3,15,4,0
1075,35,54,631,99,29,0
1435,26,41,131,69,8,2
3891,8,20,2,5,2,2
3982,40,62,390,75,33,0
1203,30,44,127,103,11,3
2597,39,45,145,79,18,1
3916,34,101,627,67,19,0
929,45,84,6,201,8,5
2012,23,48,136,76,6,2
3907,13,50,125,60,12,3
933,12,16,3,27,2,2
1515,19,50,136,46,27,3
2103,32,37,188,79,18,4
334,6,12,0,20,3,1
839,27,51,142,57,10,2
2486,17,86,11,134,12,7
3732,21,60,367,107,16,0
3145,53,96,13,140,7,4
1569,74,96,21,105,7,6
99,29,39,120,54,16,1
595,83,66,16,178,1,6
3769,37,26,305,103,11,0
1518,29,42,181,59,18,2
3955,20,92,12,115,5,3
3647,36,96,18,114,5,4
33,42,69,810,51,10,1
959,15,50,190,87,14,2
1370,57,102,16,160,4,5
3924,54,89,15,112,4,7
75,24,63,70,87,17,3
3830,89,82,12,140,7,5
3343,16,5,2,17,2,1
3505,18,41,88,73,21,2
2186,64,8,9,109,10,3
2904,27,37,149,110,18,2
314,41,96,8,127,9,4
338,17,30,292,110,28,0
2644,32,89,12,170,5,7
2403,10,129,0,203,5,7
3450,64,60,26,149,11,6
669,32,37,709,125,35,0
3751,5,15,2,26,2,1
1319,39,56,526,90,39,0
797,50,128,19,139,12,6
3511,7,16,2,15,3,0
145,11,13,1,15,3,2
1339,10,10,1,20,4,1
1658,6,8,3,17,1,1
607,51,90,10,119,10,6
3651,11,15,2,23,3,1
1525,28,73,644,84,31,0
2903,47,78,803,115,17,0
3665,24,13,16,162,10,3
1756,13,42,100,67,21,2
1468,56,60,18,122,9,5
134,29,65,219,77,32,0
1688,32,51,666,119,33,0
2301,28,44,116,73,18,0
2888,34,92,13,175,4,5
3612,28,50,520,123,20,0
1698,21,45,534,26,34,0
753,54,97,5,129,11,6
2882,35,26,530,63,31,1
3113,25,69,424,64,21,0
862,80,116,14,188,8,6
407,25,50,532,57,10,0
2384,14,51,88,82,13,1
1345,29,64,356,100,28,1
1158,1,9,2,27,3,0
3407,6,8,4,23,3,3
815,12,8,1,10,3,1
1768,22,45,121,98,17,2
3800,8,51,200,74,17,3
3000,39,60,415,68,40,0
2867,43,48,506,127,33,0
1579,34,58,86,92,24,1
1841,22,41,115,76,19,2
1410,8,24,1,20,4,3
1101,10,5,2,18,3,1
1613,23,34,95,48,13,1
2371,8,15,2,36,2,2
3081,7,7,0,9,2,0
608,9,7,2,18,3,0
1935,23,98,20,113,10,2
1328,25,39,108,50,13,3
2503,34,75,667,94,28,1
432,35,67,342,126,9,1
988,53,61,6,183,13,2
1838,32,52,72,90,11,3
811,37,128,8,152,10,3
3137,34,41,122,97,14,3
3718,8,13,1,29,4,0
2850,55,68,13,207,4,3
613,44,113,9,112,11,7
1,27,38,183,31,12,2
2401,26,78,492,104,16,0
1098,42,74,436,88,17,0
2093,38,133,15,164,6,5
3765,10,14,0,26,3,3
1074,5,16,4,21,3,2
3597,43,27,761,90,34,0
3292,53,65,17,159,11,4
2744,39,119,0,99,9,5
2110,10,23,4,12,2,1
422,30,48,587,109,9,0
371,18,37,81,81,23,4
863,34,69,519,132,19,0
694,47,126,13,194,10,5
2344,11,21,4,8,3,1
2119,25,43,430,123,23,0
120,19,54,147,45,12,2
699,28,30,0,69,14,1
2854,56,98,9,219,8,8
1608,49,102,10,100,9,3
3795,30,54,76,84,17,2
2352,13,16,0,10,4,1
3182,7,10,3,29,5,0
2763,33,55,289,100,10,0
1134,35,64,496,83,21,0
901,11,8,2,16,3,0
3581,21,36,423,108,27,0
1169,76,87,13,182,3,4
2441,23,57,511,111,30,0
413,28,71,5,194,9,14
2999,23,45,140,75,19,3
36,34,48,175,67,17,3
1978,20,30,127,92,16,2
2005,25,52,133,58,11,1
3960,83,89,18,158,3,8
2944,43,61,4,113,8,4
2665,28,47,100,47,18,2
2517,35,33,32,43,17,4
677,3,18,5,16,3,1
3815,53,134,11,94,10,7
2370,35,74,540,90,16,0
3867,38,59,8,179,10,2
1862,33,60,201,147,34,0
3348,8,19,1,29,2,1
1632,43,35,360,107,30,1
225,65,152,17,170,12,4
1903,41,101,4,145,2,4
1818,38,43,75,51,11,3
1851,9,21,5,23,3,1
1889,22,34,178,48,13,2
7,36,57,491,120,37,1
740,62,126,16,189,5,4
1909,34,55,422,107,37,0
2751,17,55,481,166,40,1
3995,21,52,600,66,35,0
2660,25,85,403,79,18,0
2510,31,69,473,67,27,0
1503,23,39,82,83,4,2
1513,11,16,3,5,3,0
532,34,86,751,58,9,0
1824,8,15,0,6,4,0
241,38,68,723,115,32,1
1146,23,48,70,74,9,3
2020,46,19,11,142,5,6
1672,33,43,551,125,10,0
3969,1,11,3,15,1,2
2852,14,54,118,118,27,2
1095,25,76,557,89,22,0
606,8,9,1,6,2,0
3276,9,16,0,14,2,1
1570,4,13,2,19,2,3
3666,26,42,116,77,14,2
644,25,41,150,57,20,1
3836,6,18,5,8,2,1
3412,30,103,571,135,14,0
3190,6,13,4,18,1,0
3660,37,38,675,98,42,0
1072,5,20,1,28,2,2
3931,13,19,1,23,3,0
3044,50,154,18,165,9,8
1891,12,77,651,148,23,1
163,26,41,378,61,29,1
3208,28,61,486,138,38,0
1546,37,42,143,93,27,1
1122,41,113,9,186,12,5
1300,31,44,731,98,32,0
1429,6,16,1,16,5,3
949,22,41,150,91,7,1
2539,11,20,3,20,4,1
1951,79,67,20,151,8,6
3161,38,87,8,169,10,9
685,9,5,6,18,3,1
2674,45,124,16,257,6,5
3337,30,63,187,73,19,0
693,38,74,417,114,33,0
3140,27,60,680,104,35,0
2862,30,124,15,99,6,7
3859,41,48,14,103,5,8
1884,37,99,9,91,3,4
3848,26,45,117,94,18,1
3523,26,77,14,123,6,7
1040,21,31,175,49,11,3
286,22,34,162,48,16,3
3341,31,40,116,76,24,3
105,18,36,132,96,13,2
1784,23,87,431,112,39,1
2112,29,34,198,101,16,4
1081,23,51,194,83,13,1
3979,7,16,0,28,2,2
282,41,88,6,128,13,2
1881,11,10,1,31,2,2
2478,66,133,20,157,7,3
3042,40,122,7,168,12,8
799,24,39,119,87,17,3
71,11,15,6,18,4,3
3446,68,79,5,168,8,6
1309,28,59,80,97,38,0
3071,12,17,2,25,4,3
2981,11,15,2,19,3,0
74,72,144,16,188,4,7
2455,13,11,2,17,1,2
2121,14,16,3,17,3,1
1873,51,92,16,135,9,4
3134,40,145,0,53,9,6
2492,35,45,97,84,21,3
807,35,45,89,47,14,2
2144,38,140,15,78,4,6
200,32,70,569,90,22,0
3518,28,30,133,124,13,2
2406,24,43,147,74,17,2
3906,30,27,104,97,13,3
3376,14,17,3,5,3,0
2948,31,37,237,84,27,1
3980,29,61,398,93,22,1
1296,17,47,93,74,19,1
597,22,118,486,81,22,0
1355,42,94,18,149,10,6
3643,5,14,1,14,4,2
923,32,43,54,91,14,2
3023,43,88,0,172,4,7
1567,44,114,0,92,7,9
2300,8,13,4,16,3,2
1529,17,61,757,128,21,1
3088,25,27,81,108,11,2
2785,6,17,3,27,3,1
591,33,51,340,88,22,0
3578,23,105,0,112,8,7
1278,27,60,498,83,32,1
2778,52,113,16,160,7,4
1236,46,60,0,157,8,6
3260,27,41,495,106,35,0
2614,32,42,125,40,17,2
2214,50,58,8,242,9,7
3938,67,107,6,192,11,6
2658,19,58,118,132,24,0
2494,3,16,1,26,3,2
2969,66,31,0,120,14,4
2919,35,89,146,56,22,0
902,18,71,549,51,24,0
1866,76,104,4,156,10,4
267,29,32,115,54,13,2
3832,34,113,18,180,7,8
2118,62,123,5,134,8,5
3092,42,66,611,91,30,0
2339,6,15,2,29,2,0
1162,39,70,13,206,6,7
1505,34,60,429,112,34,0
2218,15,30,745,114,43,0
244,29,80,626,76,28,0
3978,11,6,0,14,2,0
2297,27,35,150,76,20,1
3495,20,53,118,45,20,4
3610,33,45,146,55,16,2
3391,43,76,640,87,20,0
1144,7,25,2,9,3,1
3187,43,104,9,203,11,5
1560,9,9,1,11,2,0
2593,25,44,499,74,21,0
3734,78,133,7,102,12,9
3178,34,90,0,91,10,6
151,7,14,3,21,3,1
1426,41,126,11,261,12,6
925,33,66,603,109,40,0
470,8,21,1,27,3,0
628,10,20,3,14,3,2
2362,26,45,610,99,24,0
1443,53,78,11,163,7,2
3403,21,40,91,65,15,1
2018,22,85,25,168,13,5
174,26,66,571,140,25,0
936,50,121,13,183,8,4
857,8,15,2,26,3,1
1877,31,33,149,66,16,2
3670,11,14,3,14,5,0
2097,6,13,0,25,3,0
2106,31,44,534,90,27,0
1464,74,124,7,168,7,5
3083,25,64,476,103,36,1
1657,48,98,14,142,11,5
1773,42,186,25,164,9,6
3614,56,99,6,146,5,8
1293,41,149,5,165,3,3
1302,32,39,80,99,22,3
3096,23,52,482,78,21,1
202,8,24,4,20,3,0
3047,31,51,175,84,17,2
3994,11,15,0,7,2,3
3098,35,114,2,143,7,5
2824,6,19,5,30,1,0
479,40,113,14,104,7,5
2910,35,63,458,96,24,1
2243,52,149,11,132,5,8
3691,59,113,6,217,14,7
3010,7,13,4,27,4,1
833,23,43,50,54,13,2
2773,35,36,140,71,18,2
4,9,20,2,22,1,1
2052,46,78,19,155,10,7
2679,25,37,152,72,13,2
251,32,32,175,57,19,3
1898,7,20,1,10,4,3
1663,24,19,107,84,11,2
2368,33,49,294,89,37,0
63,19,41,159,69,17,1
1249,66,83,18,169,13,4
751,32,43,116,38,23,2
1534,33,49,195,91,12,1
2964,32,39,62,62,26,2
2813,28,89,405,146,25,0
820,24,60,691,21,25,0
771,9,13,3,23,2,0
3355,30,69,105,52,13,1
1183,31,82,582,125,30,0
3539,36,40,146,57,15,2
3150,34,67,541,58,14,0
3189,18,72,311,104,33,0
1628,34,180,16,85,4,7
2526,11,14,2,22,2,1
1965,24,39,76,47,7,0
2655,64,96,5,116,9,4
2047,6,24,3,21,3,1
6,48,51,12,96,14,7
2575,52,56,8,176,17,6
2308,30,80,504,85,38,0
2074,25,46,158,99,15,2
1751,16,16,5,22,3,1
22,22,75,529,76,15,0
1810,36,54,349,48,10,0
3849,27,66,71,41,16,2
208,39,31,138,45,17,1
1214,25,68,668,91,25,0
3410,32,29,79,58,11,3
333,37,100,508,71,24,0
707,22,56,559,87,27,0
133,40,41,606,104,25,0
701,11,15,5,27,2,0
3894,66,47,21,178,7,6
426,23,78,678,95,24,0
935,11,9,2,29,3,2
3287,6,20,1,23,4,0
50,10,18,0,35,3,1
221,23,52,168,70,14,3
645,51,72,3,137,3,4
783,59,121,15,134,11,7
953,10,9,2,14,5,0
773,31,64,726,78,32,0
1226,83,128,3,165,11,6
2421,35,72,651,92,29,0
2538,5,17,1,14,2,3
1041,10,8,3,28,3,2
3314,7,17,0,16,6,2
1127,7,22,2,20,2,1
2261,36,98,644,103,27,1
445,5,15,0,29,3,2
2709,11,10,0,13,3,1
605,57,69,19,96,8,7
2307,31,73,542,81,18,0
2729,47,116,17,173,9,6
3763,53,111,32,120,8,3
2485,10,6,3,24,2,2
2229,5,14,1,13,3,1
3101,18,63,131,56,15,2
642,7,6,2,16,2,1
483,24,50,105,70,10,2
1380,23,43,653,107,38,1
551,35,46,159,62,16,3
1119,24,44,107,71,14,2
3939,18,67,617,97,25,0
529,11,10,1,9,3,2
3304,30,73,454,76,24,0
994,30,37,95,84,25,2
1639,70,117,7,104,6,5
1056,44,47,160,119,9,3
3241,23,25,149,62,9,1
3220,40,92,8,181,6,1
388,26,45,69,85,20,0
3622,25,80,816,95,14,1
3681,33,60,441,92,25,0
3319,31,77,9,142,8,4
1848,74,58,5,167,10,2
3369,81,135,13,202,8,3
66,21,53,97,26,10,2
1172,33,35,151,90,28,1
2922,34,58,367,73,27,0
2466,28,58,97,44,18,2
3922,20,60,632,101,12,1
1398,22,40,107,62,19,2
2143,25,66,61,53,10,2
682,27,65,125,104,29,0
507,29,50,624,68,21,0
520,10,7,0,20,3,1
2065,60,131,0,180,6,5
434,9,6,4,7,4,1
2115,40,75,249,115,15,0
2138,7,21,0,13,4,2
3339,5,12,5,24,2,2
